E (cm\S-1\N),DoS(v),DoS(v)[Solid],DoS(v)[Diff]
0,30.3148,0,30.3148
1.33426,32.1456,1.8335,30.3121
2.66851,32.1816,1.87764,30.304
4.00277,32.4292,2.13876,30.2905
5.33703,31.9246,1.65293,30.2716
6.67128,32.8877,2.64029,30.2474
8.00554,34.2418,4.02392,30.2179
9.33979,34.9192,4.73611,30.1831
10.6741,36.8745,6.73157,30.143
12.0083,39.9565,9.85887,30.0977
13.3426,40.0568,10.0096,30.0472
14.6768,41.3579,11.3663,29.9916
16.0111,44.0392,14.1083,29.9309
17.3453,46.9294,17.0641,29.8653
18.6796,51.6202,21.8255,29.7947
20.0138,56.6884,26.9691,29.7193
21.3481,60.6785,31.0394,29.639
22.6824,62.6961,33.1419,29.5541
24.0166,69.722,40.2574,29.4646
25.3509,72.4034,43.0329,29.3705
26.6851,75.3829,46.1109,29.272
28.0194,81.0078,51.8386,29.1692
29.3536,87.093,58.0309,29.0621
30.6879,92.0652,63.1143,28.9509
32.0222,96.4998,67.6642,28.8356
33.3564,101.761,73.0448,28.7164
34.6907,101.121,72.5273,28.5934
36.0249,97.8265,69.3599,28.4667
37.3592,96.146,67.8097,28.3363
38.6934,93.1667,64.9641,28.2025
40.0277,90.3835,62.3181,28.0653
41.3619,90.825,62.9001,27.9249
42.6962,83.0562,55.2749,27.7813
44.0305,83.9292,56.2945,27.6347
45.3647,80.1921,52.7069,27.4852
46.699,80.4268,53.0939,27.3329
48.0332,79.7472,52.5692,27.178
49.3675,81.637,54.6164,27.0205
50.7017,81.8302,54.9696,26.8606
52.036,76.8622,50.1638,26.6984
53.3703,80.1713,53.6374,26.534
54.7045,76.9284,50.5608,26.3675
56.0388,76.4579,50.2588,26.1991
57.373,74.6982,48.6694,26.0288
58.7073,73.457,47.6002,25.8568
60.0415,73.4201,47.737,25.6832
61.3758,76.2559,50.7479,25.508
62.71,72.803,47.4715,25.3315
64.0443,74.247,49.0933,25.1537
65.3786,74.7576,49.7829,24.9747
66.7128,75.5052,50.7106,24.7946
68.0471,76.4707,51.8572,24.6135
69.3813,76.7973,52.3657,24.4315
70.7156,74.8972,50.6484,24.2488
72.0498,74.1302,50.0649,24.0654
73.3841,76.5747,52.6933,23.8813
74.7184,78.1467,54.4499,23.6968
76.0526,74.2326,50.7208,23.5119
77.3869,75.9018,52.5752,23.3266
78.7211,76.9002,53.7592,23.141
80.0554,76.7412,53.7859,22.9553
81.3896,78.8143,56.0448,22.7695
82.7239,75.007,52.4233,22.5837
84.0582,76.9665,54.5685,22.398
85.3924,76.8149,54.6025,22.2124
86.7267,76.3245,54.2975,22.027
88.0609,72.8452,51.0034,21.8418
89.3952,74.6572,53.0002,21.657
90.7294,75.0425,53.5699,21.4726
92.0637,74.4357,53.1471,21.2886
93.3979,73.9705,52.8653,21.1051
94.7322,73.2197,52.2975,20.9222
96.0665,73.2587,52.5187,20.7399
97.4007,72.1359,51.5776,20.5583
98.735,73.562,53.1845,20.3774
100.069,71.8583,51.6611,20.1973
101.403,73.7742,53.7563,20.0179
102.738,74.8462,55.0068,19.8394
104.072,72.016,52.3542,19.6618
105.406,73.4822,53.9971,19.4851
106.741,72.3354,53.0261,19.3094
108.075,74.1582,55.0236,19.1346
109.409,75.3865,56.4256,18.9609
110.743,72.7984,54.0102,18.7882
112.078,73.3793,54.7627,18.6166
113.412,74.0852,55.6391,18.4461
114.746,73.9647,55.6879,18.2768
116.08,75.2859,57.1773,18.1086
117.415,74.1666,56.225,17.9415
118.749,72.438,54.6623,17.7757
120.083,71.6491,54.038,17.6111
121.417,71.6672,54.2195,17.4477
122.752,72.3643,55.0787,17.2856
124.086,72.7126,55.5879,17.1247
125.42,72.9751,56.01,16.9651
126.754,72.6356,55.8288,16.8068
128.089,70.2935,53.6437,16.6498
129.423,71.453,54.9589,16.4941
130.757,70.9263,54.5866,16.3397
132.091,72.6357,56.4491,16.1866
133.426,71.7567,55.7218,16.0349
134.76,69.8035,53.919,15.8845
136.094,71.4973,55.7619,15.7354
137.428,70.8742,55.2865,15.5877
138.763,70.6731,55.2318,15.4414
140.097,68.822,53.5257,15.2963
141.431,70.379,55.2263,15.1527
142.765,70.0552,55.0449,15.0104
144.1,72.0225,57.1531,14.8694
145.434,71.8696,57.1398,14.7298
146.768,72.6402,58.0487,14.5915
148.102,72.7167,58.2621,14.4546
149.437,72.0796,57.7606,14.319
150.771,73.2535,59.0688,14.1847
152.105,71.4634,57.4116,14.0518
153.439,71.9542,58.034,13.9202
154.774,73.3576,59.5676,13.79
156.108,72.9653,59.3043,13.661
157.442,72.3431,58.8097,13.5334
158.777,73.6505,60.2434,13.407
160.111,71.9619,58.6799,13.282
161.445,72.3491,59.1908,13.1583
162.779,71.362,58.3262,13.0358
164.114,73.6195,60.7048,12.9147
165.448,73.5407,60.7459,12.7948
166.782,72.9831,60.3069,12.6761
168.116,72.1221,59.5633,12.5588
169.451,75.4189,62.9763,12.4426
170.785,74.2031,61.8754,12.3277
172.119,74.6298,62.4158,12.214
173.453,75.106,63.0044,12.1016
174.788,73.3587,61.3684,11.9903
176.122,75.8161,63.9358,11.8803
177.456,78.0427,66.2713,11.7714
178.79,77.2002,65.5365,11.6637
180.125,75.52,63.9628,11.5572
181.459,76.9126,65.4607,11.4518
182.793,78.1196,66.772,11.3476
184.127,76.345,65.1005,11.2445
185.462,76.8638,65.7212,11.1426
186.796,75.9487,64.907,11.0417
188.13,77.6812,66.7392,10.942
189.464,76.8827,66.0394,10.8433
190.799,77.8853,67.1395,10.7458
192.133,77.1798,66.5304,10.6493
193.467,77.336,66.7821,10.5539
194.801,75.7972,65.3377,10.4595
196.136,76.4305,66.0643,10.3662
197.47,77.0004,66.7265,10.2739
198.804,77.9811,67.7985,10.1826
200.138,77.5585,67.4662,10.0924
201.473,75.6917,65.6887,10.0031
202.807,79.3087,69.3939,9.91481
204.141,79.7639,69.9364,9.8275
205.475,78.2756,68.5345,9.74117
206.81,80.254,70.5982,9.65579
208.144,82.2114,72.6401,9.57135
209.478,81.113,71.6251,9.48785
210.813,80.5825,71.1772,9.40527
212.147,81.105,71.7814,9.32361
213.481,80.2118,70.9689,9.24286
214.815,82.8379,73.6749,9.16299
216.15,81.9079,72.8239,9.08401
217.484,82.2746,73.2687,9.0059
218.818,81.6862,72.7576,8.92866
220.152,82.1851,73.3328,8.85227
221.487,83.6078,74.8311,8.77672
222.821,82.6207,73.9187,8.70201
224.155,82.0917,73.4636,8.62812
225.489,84.9018,76.3467,8.55504
226.824,81.8231,73.3403,8.48277
228.158,85.7362,77.3249,8.4113
229.492,84.4629,76.1223,8.34061
230.826,83.733,75.4623,8.27069
232.161,85.5891,77.3875,8.20155
233.495,86.7293,78.5961,8.13316
234.829,84.8448,76.7793,8.06552
236.163,85.4381,77.4395,7.99862
237.498,85.3662,77.4337,7.93245
238.832,86.6134,78.7464,7.867
240.166,87.3914,79.5891,7.80227
241.5,86.721,78.9828,7.73824
242.835,86.9435,79.2686,7.67491
244.169,88.4078,80.7956,7.61226
245.503,86.6532,79.1029,7.5503
246.837,88.575,81.086,7.489
248.172,88.3047,80.8763,7.42837
249.506,87.506,80.1376,7.3684
250.84,88.1079,80.7988,7.30907
252.174,86.6352,79.3848,7.25038
253.509,89.8993,82.707,7.19232
254.843,88.8943,81.7594,7.13488
256.177,87.2874,80.2094,7.07806
257.511,89.7318,82.71,7.02185
258.846,90.5352,83.5689,6.96624
260.18,90.5104,83.5991,6.91122
261.514,89.4372,82.5804,6.85679
262.849,89.2529,82.45,6.80293
264.183,90.7058,83.9562,6.74965
265.517,89.7179,83.021,6.69693
266.851,90.2141,83.5694,6.64478
268.186,90.0209,83.4277,6.59317
269.52,89.2537,82.7116,6.5421
270.854,91.7806,85.289,6.49157
272.188,92.2282,85.7866,6.44158
273.523,88.8109,82.4188,6.39211
274.857,90.2077,83.8645,6.34315
276.191,91.0727,84.778,6.29471
277.525,89.874,83.6272,6.24677
278.86,88.6539,82.4546,6.19933
280.194,89.2511,83.0987,6.15238
281.528,88.2178,82.1118,6.10592
282.862,88.7709,82.7109,6.05994
284.197,88.0875,82.0731,6.01444
285.531,86.3364,80.367,5.9694
286.865,84.7523,78.8275,5.92483
288.199,82.9158,77.0351,5.88072
289.534,85.3651,79.528,5.83705
290.868,84.8571,79.0633,5.79384
292.202,81.9738,76.2227,5.75106
293.536,81.8802,76.1715,5.70872
294.871,80.5639,74.8971,5.66681
296.205,79.9092,74.2838,5.62532
297.539,79.0383,73.454,5.58426
298.873,76.2622,70.7186,5.54361
300.208,77.9891,72.4858,5.50337
301.542,78.1665,72.7029,5.46353
302.876,77.2303,71.8062,5.42409
304.21,76.2263,70.8412,5.38505
305.545,75.0231,69.6767,5.3464
306.879,74.5116,69.2034,5.30813
308.213,74.8963,69.626,5.27025
309.547,71.7923,66.5595,5.23274
310.882,73.8909,68.6953,5.1956
312.216,71.0859,65.927,5.15883
313.55,71.8625,66.7401,5.12242
314.885,70.8738,65.7874,5.08637
316.219,69.9209,64.8702,5.05067
317.553,69.2642,64.2489,5.01533
318.887,71.0016,66.0212,4.98033
320.222,70.099,65.1533,4.94567
321.556,68.448,63.5367,4.91134
322.89,66.9587,62.0813,4.87736
324.224,65.4386,60.5949,4.8437
325.559,65.9812,61.1709,4.81036
326.893,66.4232,61.6459,4.77735
328.227,65.9357,61.191,4.74465
329.561,64.6527,59.9404,4.71227
330.896,63.5024,58.8222,4.6802
332.23,63.9938,59.3454,4.64844
333.564,61.5466,56.9296,4.61698
334.898,60.6744,56.0886,4.58582
336.233,60.5515,55.9966,4.55495
337.567,60.7475,56.2231,4.52438
338.901,59.0653,54.5712,4.4941
340.235,58.7878,54.3237,4.4641
341.57,57.5682,53.1338,4.43438
342.904,58.3189,53.9139,4.40494
344.238,57.8129,53.4371,4.37578
345.572,55.3566,51.0097,4.34689
346.907,56.297,51.9788,4.31827
348.241,56.9478,52.6578,4.28992
349.575,57.5683,53.3064,4.26183
350.909,55.9066,51.6726,4.234
352.244,55.3054,51.0989,4.20643
353.578,55.3886,51.2095,4.17911
354.912,55.6226,51.4706,4.15204
356.246,55.5719,51.4467,4.12522
357.581,55.5048,51.4061,4.09865
358.915,56.7034,52.631,4.07232
360.249,56.5558,52.5095,4.04623
361.583,54.6337,50.6133,4.02038
362.918,56.4455,52.4508,3.99476
364.252,55.9276,51.9582,3.96937
365.586,56.5886,52.6444,3.94421
366.921,57.0723,53.153,3.91928
368.255,57.2498,53.3552,3.89457
369.589,57.2156,53.3455,3.87009
370.923,57.5984,53.7526,3.84582
372.258,58.023,54.2012,3.82177
373.592,58.1788,54.3809,3.79794
374.926,59.9035,56.1292,3.77431
376.26,60.0041,56.2532,3.7509
377.595,60.8669,57.1392,3.72769
378.929,61.2009,57.4963,3.70469
380.263,62.5806,58.8988,3.68189
381.597,62.3199,58.6606,3.65929
382.932,63.7774,60.1405,3.63689
384.266,63.0284,59.4137,3.61468
385.6,62.5314,58.9387,3.59267
386.934,64.9775,61.4066,3.57085
388.269,65.7134,62.1641,3.54922
389.603,64.3562,60.8284,3.52777
390.937,65.1997,61.6932,3.50651
392.271,65.6556,62.1701,3.48544
393.606,65.4342,61.9696,3.46454
394.94,64.786,61.3421,3.44383
396.274,65.5962,62.1729,3.42329
397.608,65.244,61.8411,3.40293
398.943,65.5533,62.1706,3.38274
400.277,66.2387,62.876,3.36273
401.611,64.8688,61.526,3.34288
402.945,65.7016,62.3784,3.3232
404.28,65.3374,62.0337,3.30369
405.614,65.3161,62.0317,3.28434
406.948,64.7949,61.5298,3.26515
408.282,64.8206,61.5744,3.24613
409.617,63.692,60.4648,3.22726
410.951,64.4761,61.2676,3.20856
412.285,65.965,62.775,3.19
413.619,62.9155,59.7439,3.17161
414.954,65.9855,62.8321,3.15336
416.288,63.8457,60.7105,3.13527
417.622,63.1012,59.9839,3.11732
418.957,64.5333,61.4338,3.09952
420.291,65.8004,62.7185,3.08187
421.625,63.8281,60.7637,3.06437
422.959,63.896,60.849,3.04701
424.294,62.2851,59.2553,3.02978
425.628,62.3272,59.3144,3.0127
426.962,62.779,59.7832,2.99576
428.296,61.932,58.9531,2.97896
429.631,61.7867,58.8244,2.96229
430.965,61.3581,58.4123,2.94575
432.299,59.6789,56.7496,2.92935
433.633,60.0473,57.1343,2.91308
434.968,60.0699,57.173,2.89694
436.302,60.968,58.0871,2.88093
437.636,60.1729,57.3079,2.86505
438.97,58.2173,55.368,2.8493
440.305,58.9522,56.1186,2.83366
441.639,55.8633,53.0452,2.81816
442.973,56.6338,53.8311,2.80277
444.307,55.3847,52.5972,2.78751
445.642,55.4956,52.7232,2.77237
446.976,55.469,52.7116,2.75735
448.31,56.8286,54.0862,2.74244
449.644,55.4774,52.7498,2.72765
450.979,56.8403,54.1274,2.71298
452.313,54.1374,51.439,2.69842
453.647,55.1228,52.4388,2.68397
454.981,55.7069,53.0372,2.66964
456.316,55.8576,53.2022,2.65541
457.65,55.9923,53.351,2.6413
458.984,54.7146,52.0873,2.62729
460.318,56.2924,53.679,2.6134
461.653,55.435,52.8354,2.59961
462.987,54.9416,52.3557,2.58592
464.321,53.8574,51.2851,2.57234
465.655,52.1774,49.6185,2.55886
466.99,49.0151,46.4696,2.54549
468.324,49.2888,46.7566,2.53221
469.658,46.3285,43.8094,2.51904
470.993,45.0752,42.5692,2.50597
472.327,44.2923,41.7993,2.49299
473.661,41.7222,39.2421,2.48011
474.995,38.0293,35.562,2.46733
476.33,37.707,35.2524,2.45465
477.664,36.0691,33.627,2.44205
478.998,34.7208,32.2912,2.42956
480.332,32.5755,30.1583,2.41715
481.667,31.8276,29.4228,2.40484
483.001,31.2222,28.8296,2.39262
484.335,30.5312,28.1508,2.38049
485.669,28.8972,26.5288,2.36845
487.004,28.1275,25.771,2.3565
488.338,28.3131,25.9685,2.34463
489.672,27.2369,24.9041,2.33285
491.006,26.4881,24.167,2.32116
492.341,26.2044,23.8948,2.30956
493.675,25.6511,23.353,2.29803
495.009,25.0768,22.7902,2.28659
496.343,24.8324,22.5572,2.27524
497.678,24.422,22.1581,2.26397
499.012,24.1988,21.946,2.25277
500.346,23.4799,21.2382,2.24166
501.68,23.6744,21.4437,2.23063
503.015,23.287,21.0673,2.21968
504.349,22.9436,20.7348,2.2088
505.683,22.8187,20.6207,2.19801
507.017,22.6832,20.4959,2.18729
508.352,22.3535,20.1769,2.17664
509.686,22.2439,20.0779,2.16608
511.02,22.1606,20.005,2.15558
512.354,22.0306,19.8855,2.14516
513.689,21.8196,19.6848,2.13482
515.023,21.6316,19.507,2.12455
516.357,21.5207,19.4063,2.11435
517.691,21.5233,19.4191,2.10422
519.026,21.429,19.3349,2.09416
520.36,21.2419,19.1577,2.08417
521.694,21.1911,19.1169,2.07425
523.029,20.9181,18.8537,2.0644
524.363,20.9344,18.8798,2.05462
525.697,20.7357,18.6908,2.04491
527.031,20.7365,18.7013,2.03526
528.366,20.6748,18.6492,2.02568
529.7,20.4052,18.389,2.01617
531.034,20.5029,18.4962,2.00672
532.368,20.3993,18.402,1.99733
533.703,20.34,18.352,1.98801
535.037,20.3415,18.3628,1.97876
536.371,20.2661,18.2966,1.96956
537.705,20.2455,18.2851,1.96043
539.04,20.1491,18.1977,1.95136
540.374,19.9299,17.9876,1.94235
541.708,20.1045,18.1711,1.93341
543.042,19.9926,18.068,1.92452
544.377,20.0068,18.0911,1.91569
545.711,19.6602,17.7533,1.90693
547.045,19.8589,17.9607,1.89822
548.379,19.8731,17.9836,1.88957
549.714,19.7415,17.8605,1.88097
551.048,19.7885,17.9161,1.87244
552.382,19.7305,17.8666,1.86396
553.716,19.7293,17.8738,1.85554
555.051,19.6564,17.8093,1.84717
556.385,19.6992,17.8604,1.83886
557.719,19.5678,17.7372,1.8306
559.053,19.6914,17.869,1.8224
560.388,19.6099,17.7957,1.81425
561.722,19.5316,17.7255,1.80615
563.056,19.5913,17.7932,1.79811
564.39,19.7074,17.9173,1.79012
565.725,19.4926,17.7104,1.78218
567.059,19.4865,17.7122,1.77429
568.393,19.5564,17.79,1.76646
569.727,19.6358,17.8772,1.75867
571.062,19.5904,17.8394,1.75094
572.396,19.7703,18.0271,1.74325
573.73,19.5186,17.783,1.73562
575.065,19.5793,17.8512,1.72803
576.399,19.7363,18.0158,1.7205
577.733,19.6857,17.9727,1.71301
579.067,19.7559,18.0503,1.70557
580.402,19.7595,18.0614,1.69817
581.736,19.8029,18.112,1.69083
583.07,19.8038,18.1202,1.68352
584.404,19.653,17.9767,1.67627
585.739,19.9395,18.2705,1.66906
587.073,19.9459,18.284,1.6619
588.407,19.809,18.1542,1.65478
589.741,19.9983,18.3506,1.64771
591.076,19.9602,18.3195,1.64068
592.41,20.0846,18.4509,1.6337
593.744,20.1876,18.5609,1.62676
595.078,20.3009,18.681,1.61986
596.413,20.2437,18.6307,1.61301
597.747,20.3979,18.7917,1.60619
599.081,20.5974,18.9979,1.59942
600.415,20.7974,19.2047,1.5927
601.75,20.9642,19.3782,1.58601
603.084,20.9017,19.3223,1.57937
604.418,20.7104,19.1376,1.57276
605.752,21.0593,19.4931,1.5662
607.087,21.3255,19.7659,1.55968
608.421,21.6268,20.0736,1.55319
609.755,21.4459,19.8991,1.54675
611.089,21.4829,19.9426,1.54034
612.424,21.5439,20.0099,1.53398
613.758,21.8497,20.322,1.52765
615.092,21.9691,20.4477,1.52136
616.426,22.1562,20.6411,1.51511
617.761,22.6119,21.103,1.5089
619.095,22.7535,21.2507,1.50273
620.429,22.9131,21.4165,1.49659
621.763,23.3053,21.8148,1.49049
623.098,23.5831,22.0987,1.48442
624.432,24.2722,22.7938,1.4784
625.766,24.2978,22.8254,1.47241
627.1,24.4325,22.9661,1.46645
628.435,24.5437,23.0832,1.46053
629.769,24.9241,23.4695,1.45464
631.103,25.3957,23.9469,1.44879
632.438,25.795,24.3521,1.44298
633.772,25.8129,24.3757,1.43719
635.106,26.2525,24.821,1.43145
636.44,26.415,24.9893,1.42573
637.775,26.9282,25.5081,1.42005
639.109,27.0242,25.6098,1.41441
640.443,27.9188,26.51,1.40879
641.777,28.0319,26.6286,1.40321
643.112,29.1444,27.7468,1.39766
644.446,29.2257,27.8335,1.39215
645.78,29.3063,27.9197,1.38666
647.114,30.0785,28.6972,1.38121
648.449,30.4721,29.0964,1.37579
649.783,31.0954,29.725,1.3704
651.117,32.026,30.661,1.36505
652.451,32.8851,31.5253,1.35972
653.786,32.8657,31.5113,1.35442
655.12,33.5574,32.2082,1.34916
656.454,34.5076,33.1637,1.34392
657.788,36.1602,34.8215,1.33871
659.123,36.1583,34.8247,1.33354
660.457,36.8539,35.5255,1.32839
661.791,37.5496,36.2263,1.32327
663.125,39.7247,38.4065,1.31818
664.46,40.3447,39.0315,1.31313
665.794,41.2014,39.8933,1.30809
667.128,42.3601,41.057,1.30309
668.462,44.6006,43.3025,1.29812
669.797,45.153,43.8598,1.29317
671.131,45.5755,44.2873,1.28825
672.465,47.42,46.1367,1.28336
673.799,48.5044,47.2259,1.2785
675.134,50.664,49.3903,1.27366
676.468,49.9896,48.7208,1.26885
677.802,51.6803,50.4162,1.26407
679.136,55.4401,54.1808,1.25931
680.471,54.6948,53.4402,1.25459
681.805,55.6219,54.372,1.24988
683.139,57.4533,56.2081,1.2452
684.474,58.3749,57.1343,1.24055
685.808,59.9695,58.7336,1.23593
687.142,62.3717,61.1404,1.23133
688.476,61.856,60.6293,1.22675
689.811,62.9183,61.6961,1.2222
691.145,64.3164,63.0987,1.21768
692.479,66.0816,64.8684,1.21318
693.813,64.4862,63.2775,1.2087
695.148,65.2078,64.0036,1.20425
696.482,64.9382,63.7384,1.19982
697.816,65.3821,64.1866,1.19542
699.15,66.1958,65.0048,1.19104
700.485,65.4101,64.2235,1.18669
701.819,65.6219,64.4396,1.18235
703.153,63.8432,62.6652,1.17804
704.487,64.6876,63.5139,1.17376
705.822,63.6528,62.4833,1.1695
707.156,63.5908,62.4256,1.16526
708.49,64.0445,62.8834,1.16104
709.824,61.7671,60.6103,1.15685
711.159,63.022,61.8694,1.15267
712.493,62.0362,60.8876,1.14852
713.827,62.2669,61.1225,1.1444
715.161,61.2396,60.0993,1.14029
716.496,61.1339,59.9977,1.13621
717.83,60.585,59.4529,1.13214
719.164,60.0023,58.8741,1.1281
720.498,59.9033,58.7792,1.12408
721.833,59.5017,58.3816,1.12009
723.167,58.3098,57.1937,1.11611
724.501,58.6153,57.5032,1.11215
725.835,58.1882,57.08,1.10822
727.17,57.7802,56.6759,1.1043
728.504,56.5043,55.4039,1.10041
729.838,56.1298,55.0333,1.09653
731.172,55.5684,54.4758,1.09268
732.507,55.0764,53.9875,1.08884
733.841,54.0001,52.915,1.08503
735.175,53.7835,52.7022,1.08124
736.51,53.9826,52.9051,1.07746
737.844,52.9216,51.8479,1.07371
739.178,52.1354,51.0654,1.06997
740.512,51.0325,49.9663,1.06625
741.847,51.5943,50.5318,1.06255
743.181,50.7414,49.6826,1.05888
744.515,47.8549,46.7997,1.05522
745.849,48.1034,47.0519,1.05158
747.184,47.537,46.489,1.04795
748.518,45.9786,44.9343,1.04435
749.852,44.578,43.5373,1.04076
751.186,42.9048,41.8676,1.0372
752.521,43.0182,41.9846,1.03365
753.855,40.8947,39.8646,1.03011
755.189,39.7912,38.7646,1.0266
756.523,38.7719,37.7488,1.0231
757.858,37.4107,36.3911,1.01963
759.192,36.0672,35.0511,1.01617
760.526,35.5513,34.5386,1.01272
761.86,34.6917,33.6825,1.0093
763.195,32.8966,31.8907,1.00589
764.529,32.5962,31.5937,1.0025
765.863,31.9835,30.9844,0.999121
767.197,31.0654,30.0696,0.995762
768.532,30.6655,29.6731,0.992421
769.866,29.6332,28.6441,0.989096
771.2,28.6252,27.6394,0.985788
772.534,28.4678,27.4853,0.982496
773.869,27.6906,26.7113,0.97922
775.203,26.8828,25.9069,0.975961
776.537,26.4574,25.4847,0.972717
777.871,25.9238,24.9543,0.96949
779.206,25.7597,24.7935,0.966278
780.54,25.1836,24.2205,0.963083
781.874,24.6578,23.6979,0.959902
783.208,24.0789,23.1222,0.956738
784.543,24.2713,23.3178,0.953589
785.877,23.5979,22.6474,0.950455
787.211,23.3997,22.4523,0.947336
788.546,23.1326,22.1883,0.944233
789.88,22.7434,21.8023,0.941145
791.214,22.5221,21.584,0.938071
792.548,22.0478,21.1128,0.935013
793.883,22.2483,21.3164,0.931969
795.217,21.7824,20.8534,0.92894
796.551,21.8226,20.8967,0.925925
797.885,21.1524,20.2295,0.922926
799.22,21.1376,20.2176,0.91994
800.554,20.9709,20.054,0.916969
801.888,20.7944,19.8804,0.914012
803.222,20.5519,19.6409,0.911069
804.557,20.6585,19.7503,0.90814
805.891,20.2876,19.3824,0.905225
807.225,20.1798,19.2775,0.902324
808.559,19.8774,18.978,0.899437
809.894,20.1535,19.2569,0.896563
811.228,20.0532,19.1595,0.893703
812.562,19.7272,18.8364,0.890857
813.896,19.5261,18.6381,0.888024
815.231,19.6981,18.8129,0.885204
816.565,19.6135,18.7311,0.882398
817.899,19.3778,18.4982,0.879605
819.233,19.3583,18.4815,0.876825
820.568,19.1633,18.2892,0.874058
821.902,19.4615,18.5902,0.871304
823.236,19.2544,18.3858,0.868563
824.57,19.3493,18.4834,0.865834
825.905,19.2337,18.3706,0.863119
827.239,19.5372,18.6768,0.860416
828.573,19.5869,18.7292,0.857725
829.907,19.7383,18.8832,0.855047
831.242,20.0709,19.2185,0.852382
832.576,20.4017,19.552,0.849728
833.91,21.2251,20.378,0.847087
835.244,21.5241,20.6797,0.844458
836.579,23.686,22.8442,0.841842
837.913,24.7147,23.8755,0.839237
839.247,27.1397,26.3031,0.836644
840.582,28.5616,27.7275,0.834063
841.916,31.6044,30.7729,0.831494
843.25,35.0129,34.1839,0.828937
844.584,33.3737,32.5473,0.826391
845.919,34.1733,33.3494,0.823857
847.253,32.2302,31.4089,0.821335
848.587,31.5109,30.6921,0.818823
849.921,28.0228,27.2065,0.816324
851.256,27.268,26.4541,0.813835
852.59,25.7711,24.9598,0.811358
853.924,23.9387,23.1298,0.808892
855.258,23.0602,22.2538,0.806438
856.593,21.344,20.5401,0.803994
857.927,20.1992,19.3976,0.801561
859.261,20.9985,20.1994,0.799139
860.595,20.7295,19.9327,0.796728
861.93,20.4776,19.6833,0.794328
863.264,20.5523,19.7603,0.791939
864.598,21.4193,20.6297,0.78956
865.932,20.3345,19.5473,0.787192
867.267,19.4546,18.6698,0.784834
868.601,18.7976,18.0151,0.782487
869.935,17.7136,16.9334,0.78015
871.269,17.4692,16.6914,0.777824
872.604,17.2594,16.4839,0.775508
873.938,16.8596,16.0864,0.773202
875.272,16.7329,15.962,0.770907
876.606,16.5749,15.8063,0.768621
877.941,16.3945,15.6282,0.766346
879.275,16.2561,15.492,0.76408
880.609,16.1832,15.4214,0.761825
881.943,16.062,15.3024,0.759579
883.278,15.9783,15.2209,0.757343
884.612,15.9198,15.1647,0.755117
885.946,15.7661,15.0132,0.752901
887.28,15.6588,14.9081,0.750694
888.615,15.6697,14.9212,0.748497
889.949,15.6493,14.903,0.74631
891.283,15.6514,14.9073,0.744132
892.618,15.5123,14.7703,0.741963
893.952,15.5011,14.7613,0.739804
895.286,15.3815,14.6439,0.737654
896.62,15.4557,14.7202,0.735514
897.955,15.4219,14.6885,0.733383
899.289,15.2616,14.5303,0.73126
900.623,15.2362,14.507,0.729147
901.957,15.2472,14.5201,0.727043
903.292,15.2045,14.4796,0.724949
904.626,15.0632,14.3403,0.722863
905.96,15.1052,14.3844,0.720786
907.294,15.0747,14.356,0.718717
908.629,15.054,14.3373,0.716658
909.963,14.9256,14.211,0.714607
911.297,15.0066,14.2941,0.712566
912.631,14.8852,14.1747,0.710532
913.966,14.9363,14.2278,0.708508
915.3,14.8316,14.1251,0.706492
916.634,14.8066,14.1021,0.704484
917.968,14.8314,14.1289,0.702485
919.303,14.8227,14.1222,0.700495
920.637,14.6785,13.98,0.698512
921.971,14.6416,13.945,0.696539
923.305,14.6952,14.0007,0.694573
924.64,14.6386,13.946,0.692616
925.974,14.56,13.8694,0.690667
927.308,14.5604,13.8716,0.688726
928.642,14.6054,13.9186,0.686793
929.977,14.4851,13.8003,0.684868
931.311,14.5048,13.8219,0.682951
932.645,14.4764,13.7954,0.681042
933.979,14.4377,13.7585,0.679141
935.314,14.4801,13.8029,0.677248
936.648,14.4183,13.7429,0.675363
937.982,14.3915,13.718,0.673486
939.316,14.3371,13.6655,0.671616
940.651,14.2694,13.5996,0.669754
941.985,14.2448,13.5769,0.6679
943.319,14.336,13.6699,0.666054
944.654,14.2981,13.6339,0.664215
945.988,14.2007,13.5384,0.662383
947.322,14.1868,13.5263,0.660559
948.656,14.1697,13.511,0.658743
949.991,14.1128,13.4558,0.656934
951.325,14.093,13.4379,0.655132
952.659,14.0996,13.4462,0.653338
953.993,14.1624,13.5109,0.651551
955.328,14.0352,13.3855,0.649771
956.662,14.0651,13.4171,0.647999
957.996,14.0106,13.3644,0.646233
959.33,13.9935,13.3491,0.644475
960.665,13.9943,13.3516,0.642724
961.999,13.9699,13.329,0.64098
963.333,13.9478,13.3085,0.639243
964.667,13.8965,13.259,0.637513
966.002,13.8993,13.2635,0.63579
967.336,13.9223,13.2882,0.634074
968.67,13.8983,13.266,0.632365
970.004,13.8487,13.2181,0.630663
971.339,13.8739,13.2449,0.628968
972.673,13.7999,13.1727,0.627279
974.007,13.7484,13.1228,0.625597
975.341,13.7928,13.1689,0.623922
976.676,13.7338,13.1115,0.622253
978.01,13.6752,13.0546,0.620591
979.344,13.7007,13.0817,0.618936
980.678,13.6586,13.0413,0.617287
982.013,13.6025,12.9868,0.615645
983.347,13.5831,12.9691,0.614009
984.681,13.6111,12.9987,0.61238
986.015,13.644,13.0333,0.610757
987.35,13.5529,12.9437,0.609141
988.684,13.593,12.9855,0.60753
990.018,13.5544,12.9484,0.605927
991.352,13.5435,12.9392,0.604329
992.687,13.5347,12.932,0.602738
994.021,13.5229,12.9218,0.601153
995.355,13.4727,12.8731,0.599574
996.69,13.4837,12.8857,0.598002
998.024,13.4245,12.8281,0.596435
999.358,13.4408,12.846,0.594875
1000.69,13.4131,12.8197,0.593321
1002.03,13.4146,12.8228,0.591773
1003.36,13.3913,12.8011,0.59023
1004.7,13.3848,12.7961,0.588694
1006.03,13.3823,12.7952,0.587164
1007.36,13.3532,12.7676,0.58564
1008.7,13.3823,12.7982,0.584121
1010.03,13.3219,12.7393,0.582609
1011.37,13.3179,12.7368,0.581102
1012.7,13.3251,12.7455,0.579601
1014.03,13.3456,12.7675,0.578106
1015.37,13.3073,12.7307,0.576616
1016.7,13.272,12.6969,0.575132
1018.04,13.2189,12.6453,0.573654
1019.37,13.2308,12.6586,0.572182
1020.71,13.2608,12.6901,0.570715
1022.04,13.1811,12.6118,0.569254
1023.37,13.1978,12.63,0.567798
1024.71,13.2166,12.6503,0.566348
1026.04,13.2199,12.655,0.564904
1027.38,13.1952,12.6317,0.563465
1028.71,13.1747,12.6126,0.562031
1030.05,13.1804,12.6198,0.560603
1031.38,13.2056,12.6465,0.55918
1032.71,13.1648,12.607,0.557763
1034.05,13.1677,12.6113,0.556351
1035.38,13.1893,12.6343,0.554944
1036.72,13.1814,12.6279,0.553543
1038.05,13.1398,12.5877,0.552146
1039.39,13.1303,12.5795,0.550755
1040.72,13.165,12.6156,0.54937
1042.05,13.1439,12.5959,0.547989
1043.39,13.1359,12.5893,0.546614
1044.72,13.1097,12.5645,0.545244
1046.06,13.084,12.5401,0.543879
1047.39,13.1343,12.5918,0.542518
1048.73,13.0966,12.5555,0.541164
1050.06,13.0984,12.5586,0.539814
1051.39,13.1138,12.5753,0.538469
1052.73,13.1057,12.5685,0.537129
1054.06,13.0865,12.5507,0.535794
1055.4,13.0619,12.5275,0.534464
1056.73,13.0947,12.5616,0.533139
1058.07,13.095,12.5632,0.531819
1059.4,13.0995,12.5689,0.530503
1060.73,13.0929,12.5637,0.529193
1062.07,13.1133,12.5854,0.527887
1063.4,13.0511,12.5246,0.526586
1064.74,13.0994,12.5741,0.52529
1066.07,13.0809,12.5569,0.523999
1067.41,13.0769,12.5542,0.522712
1068.74,13.0449,12.5235,0.52143
1070.07,13.0571,12.5369,0.520153
1071.41,13.1099,12.591,0.518881
1072.74,13.084,12.5664,0.517613
1074.08,13.0822,12.5659,0.516349
1075.41,13.031,12.5159,0.515091
1076.74,13.0575,12.5436,0.513837
1078.08,13.0451,12.5325,0.512587
1079.41,13.0589,12.5476,0.511342
1080.75,13.0796,12.5695,0.510101
1082.08,13.0687,12.5598,0.508865
1083.42,13.089,12.5814,0.507634
1084.75,13.0333,12.5269,0.506406
1086.08,13.0379,12.5327,0.505184
1087.42,13.0109,12.5069,0.503965
1088.75,13.0351,12.5323,0.502751
1090.09,13.0631,12.5615,0.501542
1091.42,13.101,12.6007,0.500336
1092.76,13.0334,12.5343,0.499135
1094.09,13.026,12.5281,0.497939
1095.42,13.0385,12.5418,0.496746
1096.76,13.0384,12.5429,0.495558
1098.09,12.9876,12.4932,0.494374
1099.43,13.0194,12.5262,0.493195
1100.76,13.0126,12.5205,0.492019
1102.1,12.9949,12.504,0.490848
1103.43,13.0284,12.5388,0.489681
1104.76,12.999,12.5105,0.488518
1106.1,12.9761,12.4887,0.487359
1107.43,12.9731,12.4869,0.486204
1108.77,12.9673,12.4823,0.485053
1110.1,12.9703,12.4864,0.483906
1111.44,12.948,12.4653,0.482764
1112.77,12.9277,12.4461,0.481625
1114.1,12.9496,12.4691,0.48049
1115.44,12.9166,12.4372,0.47936
1116.77,12.9182,12.44,0.478233
1118.11,12.9057,12.4286,0.47711
1119.44,12.9051,12.4291,0.475992
1120.78,12.8902,12.4153,0.474877
1122.11,12.9044,12.4306,0.473766
1123.44,12.881,12.4083,0.472659
1124.78,12.8289,12.3573,0.471555
1126.11,12.8813,12.4108,0.470456
1127.45,12.8563,12.3869,0.46936
1128.78,12.8209,12.3526,0.468268
1130.12,12.8465,12.3793,0.46718
1131.45,12.8455,12.3794,0.466096
1132.78,12.8233,12.3582,0.465016
1134.12,12.7923,12.3283,0.463939
1135.45,12.7815,12.3186,0.462866
1136.79,12.7489,12.2871,0.461796
1138.12,12.7423,12.2815,0.460731
1139.45,12.7368,12.2771,0.459669
1140.79,12.7549,12.2963,0.45861
1142.12,12.7448,12.2872,0.457556
1143.46,12.7248,12.2683,0.456505
1144.79,12.7238,12.2684,0.455457
1146.13,12.7137,12.2593,0.454413
1147.46,12.7008,12.2474,0.453373
1148.79,12.6874,12.235,0.452336
1150.13,12.6625,12.2112,0.451303
1151.46,12.6688,12.2185,0.450273
1152.8,12.6693,12.22,0.449247
1154.13,12.6422,12.194,0.448224
1155.47,12.6282,12.181,0.447205
1156.8,12.6022,12.156,0.446189
1158.13,12.5958,12.1506,0.445176
1159.47,12.6108,12.1666,0.444167
1160.8,12.5686,12.1254,0.443162
1162.14,12.5495,12.1074,0.44216
1163.47,12.5502,12.1091,0.441161
1164.81,12.5611,12.1209,0.440165
1166.14,12.5289,12.0897,0.439173
1167.47,12.5422,12.104,0.438185
1168.81,12.48,12.0428,0.437199
1170.14,12.4998,12.0635,0.436217
1171.48,12.491,12.0557,0.435238
1172.81,12.4858,12.0515,0.434263
1174.15,12.4608,12.0275,0.43329
1175.48,12.4555,12.0231,0.432321
1176.81,12.4451,12.0137,0.431355
1178.15,12.4334,12.003,0.430393
1179.48,12.4219,11.9925,0.429433
1180.82,12.4016,11.9731,0.428477
1182.15,12.4149,11.9874,0.427524
1183.49,12.3949,11.9683,0.426574
1184.82,12.3578,11.9322,0.425628
1186.15,12.3864,11.9617,0.424684
1187.49,12.3486,11.9248,0.423743
1188.82,12.3346,11.9118,0.422806
1190.16,12.3177,11.8958,0.421872
1191.49,12.3229,11.902,0.420941
1192.83,12.2939,11.8739,0.420012
1194.16,12.2832,11.8641,0.419087
1195.49,12.2889,11.8707,0.418165
1196.83,12.2868,11.8695,0.417246
1198.16,12.2819,11.8655,0.41633
1199.5,12.2739,11.8585,0.415417
1200.83,12.2542,11.8397,0.414507
1202.16,12.2195,11.8059,0.4136
1203.5,12.2312,11.8185,0.412696
1204.83,12.2124,11.8006,0.411795
1206.17,12.2041,11.7932,0.410897
1207.5,12.2003,11.7903,0.410002
1208.84,12.1896,11.7805,0.409109
1210.17,12.1875,11.7792,0.40822
1211.5,12.1897,11.7824,0.407333
1212.84,12.1768,11.7704,0.406449
1214.17,12.1788,11.7732,0.405568
1215.51,12.1573,11.7526,0.40469
1216.84,12.1529,11.7491,0.403815
1218.18,12.1302,11.7272,0.402943
1219.51,12.1349,11.7329,0.402073
1220.84,12.1253,11.7241,0.401207
1222.18,12.1038,11.7035,0.400343
1223.51,12.1196,11.7201,0.399482
1224.85,12.0939,11.6953,0.398623
1226.18,12.0846,11.6869,0.397767
1227.52,12.0832,11.6863,0.396915
1228.85,12.0627,11.6666,0.396064
1230.18,12.074,11.6788,0.395217
1231.52,12.0658,11.6714,0.394372
1232.85,12.0639,11.6703,0.39353
1234.19,12.0519,11.6592,0.392691
1235.52,12.0453,11.6535,0.391854
1236.86,12.0471,11.6561,0.39102
1238.19,12.0323,11.6421,0.390188
1239.52,12.0394,11.65,0.38936
1240.86,12.0414,11.6529,0.388533
1242.19,12.0212,11.6335,0.38771
1243.53,12.0223,11.6354,0.386889
1244.86,12.0078,11.6217,0.386071
1246.2,12.0023,11.6171,0.385255
1247.53,12.0004,11.616,0.384442
1248.86,12.0231,11.6395,0.383631
1250.2,12.0046,11.6218,0.382823
1251.53,11.9946,11.6126,0.382017
1252.87,11.9873,11.6061,0.381214
1254.2,11.9705,11.5901,0.380414
1255.54,11.9884,11.6088,0.379616
1256.87,11.9665,11.5876,0.37882
1258.2,11.9646,11.5866,0.378027
1259.54,11.9611,11.5839,0.377237
1260.87,11.96,11.5835,0.376449
1262.21,11.9735,11.5979,0.375663
1263.54,11.9558,11.5809,0.37488
1264.88,11.957,11.5829,0.374099
1266.21,11.9378,11.5645,0.373321
1267.54,11.9399,11.5674,0.372545
1268.88,11.9352,11.5635,0.371772
1270.21,11.9409,11.5699,0.371001
1271.55,11.9395,11.5692,0.370232
1272.88,11.9454,11.5759,0.369466
1274.21,11.9327,11.564,0.368702
1275.55,11.9261,11.5582,0.36794
1276.88,11.9272,11.5601,0.367181
1278.22,11.9299,11.5634,0.366424
1279.55,11.9167,11.551,0.36567
1280.89,11.9156,11.5507,0.364917
1282.22,11.9188,11.5547,0.364167
1283.55,11.9007,11.5373,0.36342
1284.89,11.918,11.5553,0.362674
1286.22,11.9145,11.5526,0.361931
1287.56,11.9132,11.552,0.36119
1288.89,11.9122,11.5517,0.360452
1290.23,11.9058,11.5461,0.359716
1291.56,11.9036,11.5446,0.358982
1292.89,11.9016,11.5434,0.35825
1294.23,11.9063,11.5488,0.35752
1295.56,11.9065,11.5497,0.356793
1296.9,11.9039,11.5479,0.356068
1298.23,11.8961,11.5408,0.355345
1299.57,11.9052,11.5506,0.354624
1300.9,11.8982,11.5443,0.353905
1302.23,11.8892,11.536,0.353189
1303.57,11.8829,11.5304,0.352475
1304.9,11.8832,11.5315,0.351763
1306.24,11.8957,11.5446,0.351053
1307.57,11.8918,11.5415,0.350345
1308.91,11.8867,11.5371,0.349639
1310.24,11.8853,11.5364,0.348936
1311.57,11.8766,11.5284,0.348234
1312.91,11.8705,11.5229,0.347535
1314.24,11.8764,11.5296,0.346838
1315.58,11.8619,11.5158,0.346143
1316.91,11.8672,11.5218,0.34545
1318.25,11.8773,11.5326,0.344759
1319.58,11.866,11.5219,0.34407
1320.91,11.8761,11.5327,0.343383
1322.25,11.8753,11.5326,0.342698
1323.58,11.8663,11.5242,0.342015
1324.92,11.865,11.5237,0.341335
1326.25,11.8694,11.5287,0.340656
1327.59,11.8671,11.5271,0.339979
1328.92,11.8606,11.5213,0.339304
1330.25,11.8493,11.5107,0.338632
1331.59,11.8635,11.5255,0.337961
1332.92,11.8601,11.5228,0.337292
1334.26,11.8604,11.5238,0.336625
1335.59,11.8546,11.5187,0.335961
1336.92,11.8606,11.5253,0.335298
1338.26,11.8591,11.5245,0.334637
1339.59,11.8577,11.5237,0.333978
1340.93,11.8537,11.5204,0.333321
1342.26,11.8537,11.521,0.332666
1343.6,11.855,11.523,0.332013
1344.93,11.8602,11.5288,0.331362
1346.26,11.8546,11.5239,0.330712
1347.6,11.8519,11.5218,0.330065
1348.93,11.8565,11.5271,0.329419
1350.27,11.8568,11.5281,0.328776
1351.6,11.8461,11.5179,0.328134
1352.94,11.8506,11.5231,0.327494
1354.27,11.8519,11.5251,0.326856
1355.6,11.8507,11.5245,0.32622
1356.94,11.8537,11.5281,0.325585
1358.27,11.8581,11.5332,0.324953
1359.61,11.8535,11.5292,0.324322
1360.94,11.8497,11.526,0.323693
1362.28,11.8529,11.5298,0.323066
1363.61,11.8407,11.5182,0.322441
1364.94,11.8417,11.5198,0.321818
1366.28,11.8518,11.5306,0.321196
1367.61,11.8525,11.5319,0.320576
1368.95,11.8534,11.5334,0.319958
1370.28,11.8476,11.5282,0.319342
1371.62,11.8509,11.5321,0.318728
1372.95,11.8504,11.5323,0.318115
1374.28,11.8507,11.5332,0.317504
1375.62,11.8537,11.5368,0.316895
1376.95,11.8536,11.5373,0.316288
1378.29,11.8472,11.5315,0.315682
1379.62,11.8584,11.5434,0.315078
1380.96,11.8444,11.5299,0.314476
1382.29,11.8589,11.545,0.313875
1383.62,11.8475,11.5342,0.313276
1384.96,11.8516,11.5389,0.312679
1386.29,11.8511,11.539,0.312084
1387.63,11.859,11.5475,0.31149
1388.96,11.8585,11.5476,0.310898
1390.3,11.8614,11.5511,0.310308
1391.63,11.8524,11.5427,0.309719
1392.96,11.85,11.5409,0.309132
1394.3,11.8486,11.54,0.308547
1395.63,11.8483,11.5403,0.307963
1396.97,11.853,11.5456,0.307381
1398.3,11.8533,11.5465,0.306801
1399.63,11.851,11.5448,0.306222
1400.97,11.8535,11.5479,0.305645
1402.3,11.8642,11.5592,0.305069
1403.64,11.8574,11.5529,0.304495
1404.97,11.8503,11.5464,0.303923
1406.31,11.8563,11.553,0.303352
1407.64,11.8657,11.5629,0.302783
1408.97,11.8626,11.5604,0.302216
1410.31,11.8484,11.5467,0.30165
1411.64,11.8569,11.5558,0.301086
1412.98,11.8535,11.553,0.300523
1414.31,11.8512,11.5512,0.299962
1415.65,11.8743,11.5749,0.299402
1416.98,11.8561,11.5572,0.298844
1418.31,11.8529,11.5547,0.298288
1419.65,11.8673,11.5696,0.297733
1420.98,11.8557,11.5585,0.297179
1422.32,11.8713,11.5747,0.296628
1423.65,11.859,11.5629,0.296077
1424.99,11.863,11.5675,0.295529
1426.32,11.8593,11.5644,0.294981
1427.65,11.8573,11.5628,0.294435
1428.99,11.8519,11.558,0.293891
1430.32,11.8643,11.5709,0.293348
1431.66,11.8668,11.574,0.292807
1432.99,11.8629,11.5706,0.292267
1434.33,11.8596,11.5679,0.291729
1435.66,11.8789,11.5877,0.291192
1436.99,11.8687,11.578,0.290657
1438.33,11.8704,11.5802,0.290123
1439.66,11.8676,11.578,0.289591
1441,11.8703,11.5813,0.28906
1442.33,11.8716,11.5831,0.288531
1443.67,11.8836,11.5956,0.288002
1445,11.875,11.5875,0.287476
1446.33,11.8745,11.5876,0.286951
1447.67,11.8651,11.5787,0.286427
1449,11.8929,11.607,0.285905
1450.34,11.8767,11.5913,0.285384
1451.67,11.8809,11.596,0.284865
1453.01,11.8962,11.6119,0.284346
1454.34,11.8852,11.6014,0.28383
1455.67,11.8794,11.5961,0.283315
1457.01,11.8802,11.5974,0.282801
1458.34,11.8774,11.5952,0.282288
1459.68,11.882,11.6002,0.281777
1461.01,11.8893,11.6081,0.281268
1462.34,11.9003,11.6196,0.280759
1463.68,11.8955,11.6153,0.280253
1465.01,11.893,11.6133,0.279747
1466.35,11.8896,11.6104,0.279243
1467.68,11.8908,11.6121,0.27874
1469.02,11.895,11.6168,0.278239
1470.35,11.8864,11.6087,0.277738
1471.68,11.903,11.6257,0.27724
1473.02,11.8939,11.6171,0.276742
1474.35,11.8991,11.6228,0.276246
1475.69,11.8915,11.6157,0.275751
1477.02,11.9089,11.6336,0.275258
1478.36,11.9186,11.6438,0.274766
1479.69,11.9113,11.637,0.274275
1481.02,11.9059,11.6321,0.273785
1482.36,11.905,11.6317,0.273297
1483.69,11.913,11.6402,0.27281
1485.03,11.9176,11.6453,0.272325
1486.36,11.9193,11.6475,0.27184
1487.7,11.9323,11.661,0.271357
1489.03,11.9208,11.6499,0.270876
1490.36,11.9341,11.6637,0.270395
1491.7,11.9302,11.6603,0.269916
1493.03,11.9428,11.6733,0.269438
1494.37,11.9244,11.6554,0.268961
1495.7,11.9291,11.6606,0.268486
1497.04,11.9398,11.6718,0.268012
1498.37,11.9439,11.6764,0.267539
1499.7,11.9485,11.6814,0.267067
1501.04,11.9473,11.6807,0.266597
1502.37,11.9384,11.6723,0.266128
1503.71,11.9502,11.6845,0.26566
1505.04,11.9566,11.6914,0.265193
1506.38,11.9391,11.6743,0.264728
1507.71,11.9545,11.6902,0.264263
1509.04,11.9542,11.6904,0.2638
1510.38,11.9738,11.7104,0.263339
1511.71,11.9708,11.7079,0.262878
1513.05,11.9735,11.7111,0.262419
1514.38,11.9812,11.7192,0.26196
1515.72,11.9711,11.7096,0.261503
1517.05,11.9822,11.7211,0.261047
1518.38,11.9879,11.7273,0.260593
1519.72,11.9925,11.7324,0.260139
1521.05,11.9847,11.725,0.259687
1522.39,11.9852,11.726,0.259236
1523.72,11.9902,11.7314,0.258786
1525.06,11.9978,11.7395,0.258337
1526.39,11.9897,11.7318,0.25789
1527.72,12.0384,11.781,0.257443
1529.06,12.0049,11.7479,0.256998
1530.39,12.0087,11.7522,0.256554
1531.73,12.0256,11.7695,0.256111
1533.06,12.0153,11.7596,0.255669
1534.39,12.0263,11.7711,0.255228
1535.73,12.0427,11.7879,0.254789
1537.06,12.0229,11.7685,0.25435
1538.4,12.0386,11.7847,0.253913
1539.73,12.0447,11.7912,0.253477
1541.07,12.0551,11.8021,0.253042
1542.4,12.0558,11.8032,0.252608
1543.73,12.0696,11.8174,0.252175
1545.07,12.0656,11.8139,0.251743
1546.4,12.0701,11.8188,0.251313
1547.74,12.068,11.8171,0.250883
1549.07,12.0894,11.8389,0.250455
1550.41,12.0621,11.812,0.250027
1551.74,12.0893,11.8397,0.249601
1553.07,12.09,11.8408,0.249176
1554.41,12.1032,11.8544,0.248752
1555.74,12.1292,11.8809,0.248329
1557.08,12.13,11.8821,0.247907
1558.41,12.128,11.8806,0.247486
1559.75,12.1691,11.9221,0.247066
1561.08,12.153,11.9064,0.246648
1562.41,12.1847,11.9385,0.24623
1563.75,12.1772,11.9314,0.245813
1565.08,12.1837,11.9383,0.245398
1566.42,12.1901,11.9451,0.244983
1567.75,12.2195,11.975,0.24457
1569.09,12.238,11.9938,0.244157
1570.42,12.2437,11.9999,0.243746
1571.75,12.2142,11.9709,0.243336
1573.09,12.2633,12.0204,0.242926
1574.42,12.3082,12.0657,0.242518
1575.76,12.3047,12.0626,0.242111
1577.09,12.3212,12.0795,0.241705
1578.43,12.3339,12.0926,0.241299
1579.76,12.3515,12.1106,0.240895
1581.09,12.3777,12.1372,0.240492
1582.43,12.4169,12.1768,0.24009
1583.76,12.4483,12.2086,0.239689
1585.1,12.4281,12.1888,0.239289
1586.43,12.5142,12.2753,0.238889
1587.77,12.5207,12.2822,0.238491
1589.1,12.5364,12.2983,0.238094
1590.43,12.5844,12.3467,0.237698
1591.77,12.6018,12.3645,0.237303
1593.1,12.6329,12.396,0.236908
1594.44,12.7239,12.4873,0.236515
1595.77,12.7108,12.4747,0.236123
1597.1,12.7908,12.5551,0.235732
1598.44,12.8331,12.5977,0.235341
1599.77,12.8764,12.6414,0.234952
1601.11,12.942,12.7074,0.234564
1602.44,12.9612,12.727,0.234176
1603.78,13.0232,12.7894,0.23379
1605.11,13.118,12.8846,0.233404
1606.44,13.1136,12.8806,0.23302
1607.78,13.2045,12.9719,0.232636
1609.11,13.2927,13.0604,0.232253
1610.45,13.3392,13.1073,0.231871
1611.78,13.465,13.2335,0.231491
1613.12,13.5213,13.2902,0.231111
1614.45,13.614,13.3832,0.230732
1615.78,13.7852,13.5549,0.230354
1617.12,13.8326,13.6026,0.229977
1618.45,13.9872,13.7576,0.229601
1619.79,14.0872,13.858,0.229225
1621.12,14.1897,13.9609,0.228851
1622.46,14.3429,14.1144,0.228478
1623.79,14.4869,14.2588,0.228105
1625.12,14.6555,14.4278,0.227734
1626.46,14.8516,14.6243,0.227363
1627.79,14.9781,14.7511,0.226993
1629.13,15.1638,14.9372,0.226624
1630.46,15.3896,15.1633,0.226256
1631.8,15.5134,15.2875,0.225889
1633.13,15.786,15.5605,0.225523
1634.46,16.0472,15.8221,0.225158
1635.8,16.3507,16.1259,0.224793
1637.13,16.3835,16.159,0.22443
1638.47,16.5416,16.3175,0.224067
1639.8,16.8805,16.6568,0.223705
1641.14,17.0761,16.8528,0.223344
1642.47,17.1807,16.9577,0.222984
1643.8,17.451,17.2284,0.222625
1645.14,17.661,17.4388,0.222267
1646.47,17.7995,17.5776,0.221909
1647.81,17.8004,17.5788,0.221553
1649.14,17.9239,17.7027,0.221197
1650.48,18.076,17.8551,0.220842
1651.81,18.0947,17.8742,0.220488
1653.14,18.3402,18.1201,0.220135
1654.48,18.2543,18.0345,0.219782
1655.81,18.1437,17.9243,0.219431
1657.15,18.4845,18.2654,0.21908
1658.48,18.468,18.2492,0.21873
1659.81,18.3438,18.1254,0.218381
1661.15,18.2264,18.0084,0.218033
1662.48,18.0968,17.8791,0.217686
1663.82,18.2555,18.0382,0.21734
1665.15,18.16,17.943,0.216994
1666.49,18.1134,17.8967,0.216649
1667.82,18.0274,17.8111,0.216305
1669.15,17.8885,17.6725,0.215962
1670.49,17.7219,17.5062,0.215619
1671.82,17.6646,17.4494,0.215278
1673.16,17.5012,17.2862,0.214937
1674.49,17.4386,17.224,0.214597
1675.83,17.087,16.8727,0.214258
1677.16,16.8441,16.6302,0.21392
1678.49,16.6644,16.4508,0.213582
1679.83,16.5488,16.3356,0.213245
1681.16,16.5718,16.3589,0.212909
1682.5,16.1548,15.9423,0.212574
1683.83,15.9565,15.7443,0.21224
1685.17,15.676,15.4641,0.211906
1686.5,15.6159,15.4043,0.211573
1687.83,15.5195,15.3082,0.211241
1689.17,15.2671,15.0562,0.21091
1690.5,14.9576,14.747,0.210579
1691.84,14.8151,14.6048,0.21025
1693.17,14.5395,14.3296,0.209921
1694.51,14.4025,14.1929,0.209593
1695.84,14.2843,14.0751,0.209265
1697.17,14.0743,13.8654,0.208939
1698.51,14.0054,13.7968,0.208613
1699.84,13.8438,13.6356,0.208288
1701.18,13.7236,13.5156,0.207963
1702.51,13.6201,13.4125,0.20764
1703.85,13.4094,13.2021,0.207317
1705.18,13.3799,13.1729,0.206995
1706.51,13.1745,12.9679,0.206673
1707.85,13.1312,12.9248,0.206353
1709.18,13.0371,12.831,0.206033
1710.52,12.9721,12.7664,0.205714
1711.85,12.8813,12.6759,0.205395
1713.19,12.8488,12.6438,0.205078
1714.52,12.7404,12.5356,0.204761
1715.85,12.6966,12.4921,0.204445
1717.19,12.5874,12.3833,0.204129
1718.52,12.6015,12.3977,0.203814
1719.86,12.5335,12.33,0.2035
1721.19,12.4975,12.2943,0.203187
1722.52,12.4329,12.23,0.202875
1723.86,12.4212,12.2186,0.202563
1725.19,12.3405,12.1382,0.202252
1726.53,12.3504,12.1485,0.201941
1727.86,12.3252,12.1236,0.201632
1729.2,12.2655,12.0642,0.201323
1730.53,12.2135,12.0125,0.201014
1731.86,12.2131,12.0123,0.200707
1733.2,12.2289,12.0285,0.2004
1734.53,12.1665,11.9664,0.200094
1735.87,12.1169,11.9171,0.199788
1737.2,12.1219,11.9224,0.199484
1738.54,12.1001,11.9009,0.19918
1739.87,12.0863,11.8874,0.198876
1741.2,12.0905,11.8919,0.198573
1742.54,12.0415,11.8432,0.198272
1743.87,12.0188,11.8209,0.19797
1745.21,12.0153,11.8177,0.19767
1746.54,11.9827,11.7853,0.19737
1747.88,11.993,11.7959,0.19707
1749.21,11.9809,11.7841,0.196772
1750.54,11.9473,11.7509,0.196474
1751.88,11.9431,11.7469,0.196177
1753.21,11.9517,11.7558,0.19588
1754.55,11.9291,11.7335,0.195584
1755.88,11.9112,11.7159,0.195289
1757.22,11.9196,11.7246,0.194994
1758.55,11.8976,11.7029,0.194701
1759.88,11.8929,11.6985,0.194407
1761.22,11.887,11.6929,0.194115
1762.55,11.8749,11.6811,0.193823
1763.89,11.8591,11.6656,0.193532
1765.22,11.8658,11.6725,0.193241
1766.56,11.8508,11.6578,0.192951
1767.89,11.8472,11.6545,0.192662
1769.22,11.839,11.6467,0.192373
1770.56,11.8271,11.635,0.192085
1771.89,11.8283,11.6365,0.191798
1773.23,11.8152,11.6237,0.191511
1774.56,11.8112,11.62,0.191225
1775.9,11.8023,11.6114,0.19094
1777.23,11.7826,11.592,0.190655
1778.56,11.7925,11.6021,0.190371
1779.9,11.7967,11.6066,0.190087
1781.23,11.7844,11.5946,0.189804
1782.57,11.7749,11.5854,0.189522
1783.9,11.7765,11.5872,0.18924
1785.24,11.7661,11.5771,0.188959
1786.57,11.7638,11.5751,0.188679
1787.9,11.7595,11.5711,0.188399
1789.24,11.7479,11.5598,0.18812
1790.57,11.7491,11.5612,0.187842
1791.91,11.7511,11.5635,0.187564
1793.24,11.7541,11.5668,0.187287
1794.57,11.7362,11.5492,0.18701
1795.91,11.7372,11.5505,0.186734
1797.24,11.7341,11.5476,0.186458
1798.58,11.7255,11.5393,0.186183
1799.91,11.7249,11.539,0.185909
1801.25,11.7308,11.5452,0.185636
1802.58,11.7216,11.5363,0.185363
1803.91,11.7193,11.5342,0.18509
1805.25,11.7155,11.5307,0.184818
1806.58,11.6997,11.5151,0.184547
1807.92,11.7098,11.5255,0.184276
1809.25,11.6946,11.5106,0.184006
1810.59,11.6995,11.5158,0.183737
1811.92,11.6886,11.5052,0.183468
1813.25,11.6958,11.5126,0.1832
1814.59,11.6903,11.5074,0.182932
1815.92,11.6959,11.5133,0.182665
1817.26,11.6867,11.5043,0.182399
1818.59,11.6723,11.4902,0.182133
1819.93,11.6751,11.4932,0.181867
1821.26,11.6794,11.4978,0.181602
1822.59,11.6764,11.495,0.181338
1823.93,11.6698,11.4887,0.181075
1825.26,11.6729,11.492,0.180812
1826.6,11.6688,11.4883,0.180549
1827.93,11.6691,11.4888,0.180287
1829.27,11.6639,11.4839,0.180026
1830.6,11.6582,11.4784,0.179765
1831.93,11.6583,11.4788,0.179505
1833.27,11.6598,11.4806,0.179245
1834.6,11.6587,11.4798,0.178986
1835.94,11.6529,11.4742,0.178728
1837.27,11.6492,11.4708,0.17847
1838.61,11.6496,11.4714,0.178212
1839.94,11.646,11.4681,0.177955
1841.27,11.6458,11.4681,0.177699
1842.61,11.6399,11.4625,0.177443
1843.94,11.6379,11.4608,0.177188
1845.28,11.6399,11.4629,0.176933
1846.61,11.6362,11.4595,0.176679
1847.95,11.6323,11.4558,0.176426
1849.28,11.636,11.4598,0.176173
1850.61,11.631,11.4551,0.17592
1851.95,11.6307,11.455,0.175668
1853.28,11.6288,11.4534,0.175417
1854.62,11.6194,11.4442,0.175166
1855.95,11.6235,11.4486,0.174916
1857.28,11.6209,11.4463,0.174666
1858.62,11.6201,11.4457,0.174417
1859.95,11.6164,11.4423,0.174168
1861.29,11.6201,11.4462,0.17392
1862.62,11.6114,11.4378,0.173672
1863.96,11.6193,11.4459,0.173425
1865.29,11.6111,11.4379,0.173179
1866.62,11.6117,11.4388,0.172932
1867.96,11.6055,11.4328,0.172687
1869.29,11.6104,11.4379,0.172442
1870.63,11.6103,11.4381,0.172197
1871.96,11.6035,11.4315,0.171953
1873.3,11.6027,11.431,0.17171
1874.63,11.6004,11.4289,0.171467
1875.96,11.595,11.4237,0.171224
1877.3,11.6039,11.4329,0.170983
1878.63,11.5953,11.4246,0.170741
1879.97,11.5958,11.4253,0.1705
1881.3,11.5936,11.4233,0.17026
1882.64,11.5964,11.4264,0.17002
1883.97,11.5922,11.4224,0.169781
1885.3,11.5928,11.4233,0.169542
1886.64,11.5882,11.4189,0.169303
1887.97,11.5881,11.419,0.169065
1889.31,11.5873,11.4185,0.168828
1890.64,11.5907,11.4221,0.168591
1891.98,11.5849,11.4165,0.168355
1893.31,11.5807,11.4125,0.168119
1894.64,11.581,11.4131,0.167883
1895.98,11.5793,11.4117,0.167649
1897.31,11.5831,11.4157,0.167414
1898.65,11.5799,11.4127,0.16718
1899.98,11.5802,11.4133,0.166947
1901.32,11.5757,11.409,0.166714
1902.65,11.5746,11.4081,0.166481
1903.98,11.5764,11.4101,0.166249
1905.32,11.5762,11.4102,0.166018
1906.65,11.5752,11.4095,0.165787
1907.99,11.5714,11.4059,0.165556
1909.32,11.5708,11.4055,0.165326
1910.66,11.5662,11.4011,0.165097
1911.99,11.5733,11.4084,0.164868
1913.32,11.5668,11.4021,0.164639
1914.66,11.5653,11.4009,0.164411
1915.99,11.5685,11.4044,0.164183
1917.33,11.5627,11.3987,0.163956
1918.66,11.5649,11.4012,0.163729
1919.99,11.5603,11.3968,0.163503
1921.33,11.5613,11.398,0.163277
1922.66,11.558,11.395,0.163052
1924,11.5591,11.3963,0.162827
1925.33,11.5539,11.3913,0.162603
1926.67,11.556,11.3936,0.162379
1928,11.558,11.3959,0.162155
1929.33,11.5537,11.3918,0.161932
1930.67,11.5538,11.3921,0.16171
1932,11.5504,11.389,0.161488
1933.34,11.5531,11.3918,0.161266
1934.67,11.5538,11.3927,0.161045
1936.01,11.5498,11.389,0.160824
1937.34,11.5469,11.3862,0.160604
1938.67,11.553,11.3926,0.160384
1940.01,11.5507,11.3906,0.160165
1941.34,11.5514,11.3915,0.159946
1942.68,11.5476,11.3879,0.159727
1944.01,11.5426,11.3831,0.159509
1945.35,11.5456,11.3863,0.159292
1946.68,11.5438,11.3848,0.159075
1948.01,11.546,11.3871,0.158858
1949.35,11.5416,11.3829,0.158642
1950.68,11.5427,11.3843,0.158426
1952.02,11.5397,11.3815,0.158211
1953.35,11.5389,11.3809,0.157996
1954.69,11.5401,11.3824,0.157781
1956.02,11.5393,11.3817,0.157567
1957.35,11.5371,11.3798,0.157353
1958.69,11.5363,11.3792,0.15714
1960.02,11.5358,11.3789,0.156927
1961.36,11.5408,11.3841,0.156715
1962.69,11.5373,11.3808,0.156503
1964.03,11.5351,11.3788,0.156292
1965.36,11.5326,11.3765,0.156081
1966.69,11.535,11.3792,0.15587
1968.03,11.5341,11.3785,0.15566
1969.36,11.5336,11.3781,0.15545
1970.7,11.5355,11.3803,0.155241
1972.03,11.5312,11.3762,0.155032
1973.37,11.5297,11.3749,0.154823
1974.7,11.5298,11.3752,0.154615
1976.03,11.526,11.3715,0.154408
1977.37,11.5284,11.3742,0.1542
1978.7,11.5257,11.3717,0.153994
1980.04,11.5268,11.373,0.153787
1981.37,11.5261,11.3726,0.153581
1982.7,11.5254,11.372,0.153375
1984.04,11.5261,11.373,0.15317
1985.37,11.5242,11.3712,0.152966
1986.71,11.5252,11.3724,0.152761
1988.04,11.5255,11.3729,0.152557
1989.38,11.5243,11.372,0.152354
1990.71,11.521,11.3688,0.152151
1992.04,11.5228,11.3708,0.151948
1993.38,11.5234,11.3717,0.151746
1994.71,11.5204,11.3688,0.151544
1996.05,11.5226,11.3713,0.151342
1997.38,11.5175,11.3664,0.151141
1998.72,11.5238,11.3728,0.15094
2000.05,11.5184,11.3676,0.15074
2001.38,11.5178,11.3673,0.15054
2002.72,11.5188,11.3685,0.15034
2004.05,11.5157,11.3655,0.150141
2005.39,11.516,11.366,0.149943
2006.72,11.5142,11.3644,0.149744
2008.06,11.5136,11.364,0.149546
2009.39,11.5132,11.3638,0.149349
2010.72,11.5145,11.3654,0.149152
2012.06,11.5125,11.3636,0.148955
2013.39,11.5123,11.3636,0.148758
2014.73,11.5122,11.3636,0.148562
2016.06,11.5089,11.3605,0.148367
2017.4,11.51,11.3618,0.148172
2018.73,11.5102,11.3622,0.147977
2020.06,11.5109,11.3631,0.147782
2021.4,11.5077,11.3601,0.147588
2022.73,11.5067,11.3593,0.147395
2024.07,11.5093,11.3621,0.147201
2025.4,11.5065,11.3595,0.147008
2026.74,11.507,11.3602,0.146816
2028.07,11.5079,11.3613,0.146624
2029.4,11.5064,11.36,0.146432
2030.74,11.5051,11.3588,0.14624
2032.07,11.5069,11.3609,0.146049
2033.41,11.5075,11.3617,0.145859
2034.74,11.504,11.3584,0.145668
2036.08,11.5008,11.3553,0.145478
2037.41,11.5039,11.3586,0.145289
2038.74,11.5029,11.3578,0.1451
2040.08,11.5029,11.358,0.144911
2041.41,11.5011,11.3564,0.144722
2042.75,11.502,11.3575,0.144534
2044.08,11.5,11.3557,0.144346
2045.42,11.4986,11.3545,0.144159
2046.75,11.4991,11.3552,0.143972
2048.08,11.4988,11.355,0.143785
2049.42,11.4987,11.3551,0.143599
2050.75,11.4963,11.3529,0.143413
2052.09,11.4965,11.3533,0.143228
2053.42,11.498,11.355,0.143043
2054.75,11.4932,11.3503,0.142858
2056.09,11.4967,11.354,0.142673
2057.42,11.493,11.3505,0.142489
2058.76,11.4948,11.3525,0.142305
2060.09,11.4962,11.354,0.142122
2061.43,11.4939,11.3519,0.141939
2062.76,11.4925,11.3507,0.141756
2064.09,11.4929,11.3514,0.141574
2065.43,11.4934,11.352,0.141392
2066.76,11.4925,11.3513,0.14121
2068.1,11.4919,11.3509,0.141029
2069.43,11.4919,11.351,0.140848
2070.77,11.4937,11.353,0.140667
2072.1,11.4911,11.3506,0.140487
2073.43,11.4895,11.3491,0.140307
2074.77,11.4905,11.3504,0.140128
2076.1,11.4885,11.3485,0.139948
2077.44,11.4892,11.3494,0.139769
2078.77,11.4877,11.3481,0.139591
2080.11,11.4892,11.3498,0.139413
2081.44,11.4884,11.3492,0.139235
2082.77,11.4873,11.3483,0.139057
2084.11,11.4856,11.3467,0.13888
2085.44,11.4877,11.349,0.138703
2086.78,11.4854,11.3469,0.138527
2088.11,11.4848,11.3465,0.138351
2089.45,11.4854,11.3472,0.138175
2090.78,11.4847,11.3467,0.137999
2092.11,11.4842,11.3463,0.137824
2093.45,11.4829,11.3452,0.137649
2094.78,11.4833,11.3458,0.137475
2096.12,11.4836,11.3463,0.137301
2097.45,11.4827,11.3455,0.137127
2098.79,11.4827,11.3458,0.136953
2100.12,11.4821,11.3453,0.13678
2101.45,11.482,11.3454,0.136607
2102.79,11.4822,11.3458,0.136435
2104.12,11.482,11.3458,0.136263
2105.46,11.4825,11.3464,0.136091
2106.79,11.4824,11.3465,0.135919
2108.13,11.4811,11.3454,0.135748
2109.46,11.4815,11.3459,0.135577
2110.79,11.4806,11.3451,0.135406
2112.13,11.4814,11.3462,0.135236
2113.46,11.4795,11.3444,0.135066
2114.8,11.4799,11.345,0.134897
2116.13,11.4789,11.3442,0.134727
2117.46,11.4808,11.3462,0.134558
2118.8,11.4781,11.3437,0.13439
2120.13,11.4771,11.3429,0.134221
2121.47,11.4797,11.3457,0.134053
2122.8,11.4793,11.3454,0.133886
2124.14,11.4762,11.3425,0.133718
2125.47,11.4776,11.344,0.133551
2126.8,11.4778,11.3444,0.133384
2128.14,11.4762,11.343,0.133218
2129.47,11.4768,11.3437,0.133052
2130.81,11.4764,11.3435,0.132886
2132.14,11.4774,11.3447,0.13272
2133.48,11.4767,11.3441,0.132555
2134.81,11.4744,11.342,0.13239
2136.14,11.4737,11.3415,0.132226
2137.48,11.4748,11.3428,0.132061
2138.81,11.4753,11.3434,0.131897
2140.15,11.4751,11.3434,0.131734
2141.48,11.4748,11.3432,0.13157
2142.82,11.4742,11.3428,0.131407
2144.15,11.4728,11.3416,0.131244
2145.48,11.4736,11.3426,0.131082
2146.82,11.473,11.3421,0.13092
2148.15,11.4734,11.3427,0.130758
2149.49,11.4733,11.3427,0.130596
2150.82,11.4728,11.3424,0.130435
2152.16,11.4724,11.3421,0.130274
2153.49,11.4722,11.3421,0.130113
2154.82,11.4714,11.3415,0.129953
2156.16,11.472,11.3422,0.129793
2157.49,11.4724,11.3428,0.129633
2158.83,11.4713,11.3418,0.129473
2160.16,11.4707,11.3413,0.129314
2161.5,11.4704,11.3413,0.129155
2162.83,11.4707,11.3417,0.128997
2164.16,11.4707,11.3419,0.128838
2165.5,11.4697,11.341,0.12868
2166.83,11.4706,11.3421,0.128523
2168.17,11.4699,11.3415,0.128365
2169.5,11.4696,11.3414,0.128208
2170.84,11.4705,11.3425,0.128051
2172.17,11.4698,11.3419,0.127894
2173.5,11.4685,11.3407,0.127738
2174.84,11.4698,11.3422,0.127582
2176.17,11.4683,11.3408,0.127426
2177.51,11.4681,11.3408,0.127271
2178.84,11.4685,11.3414,0.127116
2180.17,11.4675,11.3405,0.126961
2181.51,11.4673,11.3405,0.126806
2182.84,11.4677,11.3411,0.126652
2184.18,11.4685,11.342,0.126498
2185.51,11.4663,11.34,0.126344
2186.85,11.4682,11.342,0.126191
2188.18,11.4684,11.3424,0.126037
2189.51,11.4671,11.3412,0.125884
2190.85,11.4668,11.341,0.125732
2192.18,11.4661,11.3406,0.125579
2193.52,11.4664,11.341,0.125427
2194.85,11.4661,11.3408,0.125276
2196.19,11.4671,11.342,0.125124
2197.52,11.4662,11.3413,0.124973
2198.85,11.4659,11.3411,0.124822
2200.19,11.4647,11.34,0.124671
2201.52,11.4655,11.341,0.124521
2202.86,11.4664,11.342,0.12437
2204.19,11.465,11.3408,0.12422
2205.53,11.4644,11.3403,0.124071
2206.86,11.464,11.34,0.123921
2208.19,11.4649,11.3411,0.123772
2209.53,11.4652,11.3416,0.123624
2210.86,11.4653,11.3419,0.123475
2212.2,11.4649,11.3415,0.123327
2213.53,11.4629,11.3398,0.123179
2214.87,11.4653,11.3423,0.123031
2216.2,11.4644,11.3415,0.122883
2217.53,11.4648,11.3421,0.122736
2218.87,11.4639,11.3413,0.122589
2220.2,11.4654,11.343,0.122442
2221.54,11.4644,11.3421,0.122296
2222.87,11.4641,11.3419,0.12215
2224.21,11.4635,11.3415,0.122004
2225.54,11.4625,11.3406,0.121858
2226.87,11.4642,11.3425,0.121713
2228.21,11.4622,11.3406,0.121568
2229.54,11.4621,11.3407,0.121423
2230.88,11.463,11.3417,0.121278
2232.21,11.4632,11.342,0.121134
2233.55,11.4636,11.3426,0.12099
2234.88,11.4626,11.3418,0.120846
2236.21,11.4631,11.3424,0.120702
2237.55,11.4618,11.3413,0.120559
2238.88,11.4625,11.3421,0.120416
2240.22,11.4629,11.3427,0.120273
2241.55,11.4627,11.3426,0.120131
2242.88,11.463,11.343,0.119988
2244.22,11.4614,11.3416,0.119846
2245.55,11.4625,11.3428,0.119704
2246.89,11.4621,11.3426,0.119563
2248.22,11.4615,11.3421,0.119421
2249.56,11.4616,11.3423,0.11928
2250.89,11.4622,11.3431,0.11914
2252.22,11.4612,11.3422,0.118999
2253.56,11.4615,11.3427,0.118859
2254.89,11.4598,11.3411,0.118719
2256.23,11.4604,11.3418,0.118579
2257.56,11.4616,11.3432,0.118439
2258.9,11.4623,11.344,0.1183
2260.23,11.462,11.3438,0.118161
2261.56,11.4606,11.3426,0.118022
2262.9,11.4625,11.3446,0.117883
2264.23,11.461,11.3433,0.117745
2265.57,11.4606,11.343,0.117607
2266.9,11.4598,11.3423,0.117469
2268.24,11.4616,11.3443,0.117331
2269.57,11.4601,11.3429,0.117194
2270.9,11.4601,11.343,0.117057
2272.24,11.4608,11.3439,0.11692
2273.57,11.4606,11.3438,0.116783
2274.91,11.4612,11.3446,0.116647
2276.24,11.4611,11.3446,0.116511
2277.58,11.4603,11.3439,0.116375
2278.91,11.4603,11.344,0.116239
2280.24,11.4609,11.3448,0.116104
2281.58,11.4601,11.3441,0.115968
2282.91,11.4612,11.3453,0.115833
2284.25,11.4614,11.3457,0.115699
2285.58,11.4604,11.3448,0.115564
2286.92,11.4599,11.3445,0.11543
2288.25,11.4604,11.3451,0.115296
2289.58,11.4599,11.3447,0.115162
2290.92,11.4602,11.3452,0.115028
2292.25,11.4597,11.3448,0.114895
2293.59,11.461,11.3462,0.114762
2294.92,11.4603,11.3457,0.114629
2296.26,11.4598,11.3453,0.114496
2297.59,11.4603,11.346,0.114364
2298.92,11.4604,11.3462,0.114232
2300.26,11.461,11.3469,0.1141
2301.59,11.4607,11.3467,0.113968
2302.93,11.4603,11.3465,0.113836
2304.26,11.4597,11.3459,0.113705
2305.6,11.4607,11.3471,0.113574
2306.93,11.4597,11.3462,0.113443
2308.26,11.4597,11.3464,0.113313
2309.6,11.4594,11.3462,0.113182
2310.93,11.4596,11.3466,0.113052
2312.27,11.46,11.3471,0.112922
2313.6,11.46,11.3472,0.112792
2314.93,11.4611,11.3485,0.112663
2316.27,11.461,11.3484,0.112534
2317.6,11.461,11.3486,0.112404
2318.94,11.4609,11.3486,0.112276
2320.27,11.4592,11.3471,0.112147
2321.61,11.4611,11.3491,0.112019
2322.94,11.4599,11.348,0.11189
2324.27,11.4605,11.3488,0.111762
2325.61,11.4611,11.3495,0.111635
2326.94,11.4591,11.3476,0.111507
2328.28,11.4585,11.3471,0.11138
2329.61,11.4591,11.3478,0.111253
2330.95,11.4603,11.3492,0.111126
2332.28,11.4611,11.3501,0.110999
2333.61,11.459,11.3482,0.110873
2334.95,11.4596,11.3489,0.110747
2336.28,11.4604,11.3498,0.110621
2337.62,11.4597,11.3492,0.110495
2338.95,11.4612,11.3508,0.110369
2340.29,11.4605,11.3503,0.110244
2341.62,11.4606,11.3505,0.110119
2342.95,11.46,11.35,0.109994
2344.29,11.4588,11.3489,0.109869
2345.62,11.4612,11.3514,0.109745
2346.96,11.4614,11.3517,0.10962
2348.29,11.4601,11.3506,0.109496
2349.63,11.4585,11.3492,0.109372
2350.96,11.4585,11.3493,0.109249
2352.29,11.4583,11.3492,0.109125
2353.63,11.4585,11.3495,0.109002
2354.96,11.4596,11.3507,0.108879
2356.3,11.4602,11.3515,0.108756
2357.63,11.4595,11.3508,0.108634
2358.97,11.4602,11.3517,0.108511
2360.3,11.4592,11.3508,0.108389
2361.63,11.4583,11.3501,0.108267
2362.97,11.4575,11.3493,0.108145
2364.3,11.4589,11.3509,0.108024
2365.64,11.4555,11.3476,0.107902
2366.97,11.4588,11.351,0.107781
2368.31,11.4577,11.3501,0.10766
2369.64,11.4584,11.3509,0.107539
2370.97,11.4586,11.3512,0.107419
2372.31,11.4584,11.3511,0.107298
2373.64,11.4573,11.3501,0.107178
2374.98,11.4562,11.3491,0.107058
2376.31,11.458,11.3511,0.106938
2377.64,11.457,11.3502,0.106819
2378.98,11.4574,11.3507,0.1067
2380.31,11.4586,11.352,0.10658
2381.65,11.4573,11.3508,0.106461
2382.98,11.4576,11.3512,0.106343
2384.32,11.4582,11.352,0.106224
2385.65,11.4569,11.3508,0.106106
2386.98,11.4573,11.3513,0.105988
2388.32,11.4569,11.3511,0.10587
2389.65,11.4569,11.3512,0.105752
2390.99,11.4581,11.3525,0.105634
2392.32,11.4584,11.3529,0.105517
2393.66,11.4585,11.3531,0.1054
2394.99,11.4577,11.3524,0.105283
2396.32,11.4575,11.3523,0.105166
2397.66,11.4572,11.3522,0.105049
2398.99,11.4564,11.3515,0.104933
2400.33,11.4568,11.3519,0.104817
2401.66,11.4563,11.3516,0.104701
2403,11.4566,11.352,0.104585
2404.33,11.4549,11.3505,0.104469
2405.66,11.4562,11.3519,0.104354
2407,11.4556,11.3514,0.104238
2408.33,11.456,11.3519,0.104123
2409.67,11.4563,11.3523,0.104008
2411,11.4549,11.3511,0.103894
2412.34,11.4555,11.3517,0.103779
2413.67,11.455,11.3514,0.103665
2415,11.4543,11.3508,0.103551
2416.34,11.4551,11.3517,0.103437
2417.67,11.4552,11.3518,0.103323
2419.01,11.4563,11.3531,0.10321
2420.34,11.4539,11.3508,0.103096
2421.68,11.4556,11.3526,0.102983
2423.01,11.4537,11.3508,0.10287
2424.34,11.4547,11.3519,0.102757
2425.68,11.4551,11.3524,0.102645
2427.01,11.4538,11.3513,0.102532
2428.35,11.4554,11.353,0.10242
2429.68,11.4546,11.3522,0.102308
2431.02,11.4546,11.3524,0.102196
2432.35,11.4551,11.3531,0.102084
2433.68,11.4546,11.3526,0.101973
2435.02,11.4549,11.353,0.101861
2436.35,11.4534,11.3516,0.10175
2437.69,11.454,11.3524,0.101639
2439.02,11.4559,11.3544,0.101528
2440.35,11.4523,11.3509,0.101418
2441.69,11.4539,11.3526,0.101307
2443.02,11.454,11.3528,0.101197
2444.36,11.4546,11.3535,0.101087
2445.69,11.4534,11.3524,0.100977
2447.03,11.4561,11.3552,0.100867
2448.36,11.4561,11.3554,0.100758
2449.69,11.4534,11.3527,0.100648
2451.03,11.4534,11.3529,0.100539
2452.36,11.4555,11.3551,0.10043
2453.7,11.4555,11.3552,0.100321
2455.03,11.4544,11.3542,0.100213
2456.37,11.4544,11.3543,0.100104
2457.7,11.4542,11.3542,0.0999959
2459.03,11.4542,11.3543,0.0998878
2460.37,11.4527,11.3529,0.0997798
2461.7,11.4548,11.3551,0.0996721
2463.04,11.4541,11.3546,0.0995645
2464.37,11.4544,11.3549,0.099457
2465.71,11.4544,11.3551,0.0993498
2467.04,11.4537,11.3545,0.0992427
2468.37,11.4555,11.3564,0.0991358
2469.71,11.4553,11.3563,0.099029
2471.04,11.4559,11.357,0.0989225
2472.38,11.456,11.3571,0.0988161
2473.71,11.4545,11.3558,0.0987099
2475.05,11.4536,11.355,0.0986038
2476.38,11.4544,11.3559,0.0984979
2477.71,11.4551,11.3567,0.0983922
2479.05,11.4544,11.3561,0.0982867
2480.38,11.4543,11.3561,0.0981813
2481.72,11.4545,11.3564,0.0980761
2483.05,11.4534,11.3555,0.0979711
2484.39,11.4568,11.3589,0.0978662
2485.72,11.4553,11.3575,0.0977615
2487.05,11.4561,11.3584,0.097657
2488.39,11.4556,11.3581,0.0975526
2489.72,11.4562,11.3588,0.0974484
2491.06,11.4536,11.3563,0.0973444
2492.39,11.4563,11.359,0.0972405
2493.73,11.455,11.3579,0.0971369
2495.06,11.4549,11.3579,0.0970333
2496.39,11.4567,11.3598,0.09693
2497.73,11.4556,11.3587,0.0968268
2499.06,11.4551,11.3584,0.0967237
2500.4,11.4555,11.3589,0.0966209
2501.73,11.4575,11.3609,0.0965181
2503.06,11.4576,11.3612,0.0964156
2504.4,11.4564,11.36,0.0963132
2505.73,11.4568,11.3606,0.096211
2507.07,11.457,11.3609,0.096109
2508.4,11.4566,11.3606,0.0960071
2509.74,11.4575,11.3616,0.0959053
2511.07,11.4567,11.3609,0.0958038
2512.4,11.4562,11.3605,0.0957023
2513.74,11.4581,11.3625,0.0956011
2515.07,11.4576,11.3621,0.0955
2516.41,11.4585,11.3631,0.0953991
2517.74,11.4587,11.3634,0.0952983
2519.08,11.4602,11.365,0.0951977
2520.41,11.4587,11.3636,0.0950973
2521.74,11.4611,11.3661,0.094997
2523.08,11.4593,11.3644,0.0948968
2524.41,11.4602,11.3654,0.0947969
2525.75,11.4609,11.3662,0.0946971
2527.08,11.4588,11.3642,0.0945974
2528.42,11.4624,11.3679,0.0944979
2529.75,11.4605,11.3661,0.0943985
2531.08,11.4602,11.3659,0.0942994
2532.42,11.4629,11.3687,0.0942003
2533.75,11.4644,11.3703,0.0941015
2535.09,11.4606,11.3666,0.0940027
2536.42,11.462,11.3681,0.0939042
2537.76,11.4624,11.3686,0.0938058
2539.09,11.4631,11.3694,0.0937075
2540.42,11.4613,11.3677,0.0936094
2541.76,11.4652,11.3716,0.0935114
2543.09,11.467,11.3736,0.0934136
2544.43,11.4683,11.375,0.093316
2545.76,11.464,11.3707,0.0932185
2547.1,11.4628,11.3697,0.0931212
2548.43,11.4666,11.3736,0.093024
2549.76,11.4686,11.3756,0.092927
2551.1,11.4697,11.3769,0.0928301
2552.43,11.4659,11.3732,0.0927334
2553.77,11.4679,11.3752,0.0926368
2555.1,11.4677,11.3752,0.0925403
2556.44,11.467,11.3745,0.0924441
2557.77,11.4678,11.3755,0.0923479
2559.1,11.469,11.3768,0.092252
2560.44,11.4718,11.3796,0.0921561
2561.77,11.4719,11.3799,0.0920605
2563.11,11.4724,11.3805,0.0919649
2564.44,11.475,11.3831,0.0918695
2565.78,11.4737,11.3819,0.0917743
2567.11,11.4726,11.3809,0.0916792
2568.44,11.4721,11.3805,0.0915843
2569.78,11.4759,11.3844,0.0914895
2571.11,11.477,11.3856,0.0913948
2572.45,11.4779,11.3866,0.0913003
2573.78,11.4815,11.3903,0.091206
2575.11,11.4814,11.3903,0.0911118
2576.45,11.4789,11.3879,0.0910177
2577.78,11.4833,11.3924,0.0909238
2579.12,11.4843,11.3935,0.09083
2580.45,11.4871,11.3964,0.0907364
2581.79,11.4867,11.3961,0.0906429
2583.12,11.4892,11.3986,0.0905496
2584.45,11.4914,11.4009,0.0904564
2585.79,11.4926,11.4023,0.0903634
2587.12,11.4906,11.4003,0.0902705
2588.46,11.4901,11.3999,0.0901777
2589.79,11.4962,11.4061,0.0900851
2591.13,11.4983,11.4083,0.0899926
2592.46,11.4986,11.4087,0.0899003
2593.79,11.4951,11.4053,0.0898081
2595.13,11.5009,11.4112,0.089716
2596.46,11.5075,11.4179,0.0896241
2597.8,11.5117,11.4221,0.0895324
2599.13,11.5074,11.4179,0.0894407
2600.47,11.5098,11.4205,0.0893492
2601.8,11.5171,11.4279,0.0892579
2603.13,11.5209,11.4317,0.0891667
2604.47,11.525,11.4359,0.0890756
2605.8,11.5286,11.4396,0.0889847
2607.14,11.5261,11.4372,0.0888939
2608.47,11.5258,11.4369,0.0888032
2609.81,11.5421,11.4534,0.0887127
2611.14,11.5329,11.4443,0.0886224
2612.47,11.5461,11.4575,0.0885321
2613.81,11.5513,11.4629,0.088442
2615.14,11.5447,11.4563,0.0883521
2616.48,11.557,11.4687,0.0882622
2617.81,11.5498,11.4616,0.0881726
2619.15,11.561,11.4729,0.088083
2620.48,11.5657,11.4777,0.0879936
2621.81,11.5674,11.4795,0.0879043
2623.15,11.5641,11.4763,0.0878152
2624.48,11.589,11.5013,0.0877262
2625.82,11.5767,11.4891,0.0876373
2627.15,11.5839,11.4964,0.0875486
2628.49,11.5876,11.5001,0.08746
2629.82,11.6043,11.5169,0.0873715
2631.15,11.6116,11.5243,0.0872831
2632.49,11.6274,11.5402,0.0871949
2633.82,11.636,11.5489,0.0871069
2635.16,11.6338,11.5467,0.0870189
2636.49,11.6322,11.5453,0.0869311
2637.82,11.654,11.5672,0.0868435
2639.16,11.6375,11.5508,0.0867559
2640.49,11.6816,11.595,0.0866685
2641.83,11.6695,11.5829,0.0865813
2643.16,11.6952,11.6087,0.0864941
2644.5,11.7066,11.6202,0.0864071
2645.83,11.7441,11.6577,0.0863202
2647.16,11.7302,11.6439,0.0862335
2648.5,11.7571,11.671,0.0861469
2649.83,11.8218,11.7357,0.0860604
2651.17,11.8042,11.7182,0.085974
2652.5,11.86,11.7741,0.0858878
2653.84,11.8724,11.7866,0.0858017
2655.17,11.9052,11.8195,0.0857157
2656.5,11.9526,11.867,0.0856299
2657.84,11.9958,11.9103,0.0855442
2659.17,12.103,12.0175,0.0854586
2660.51,12.0986,12.0132,0.0853732
2661.84,12.2546,12.1693,0.0852878
2663.18,12.3454,12.2602,0.0852026
2664.51,12.5385,12.4534,0.0851176
2665.84,12.6812,12.5962,0.0850326
2667.18,13.1478,13.0629,0.0849478
2668.51,13.4251,13.3402,0.0848631
2669.85,13.9419,13.8571,0.0847786
2671.18,16.3604,16.2757,0.0846941
2672.52,17.8641,17.7795,0.0846098
2673.85,16.0679,15.9833,0.0845256
2675.18,17.1057,17.0212,0.0844416
2676.52,18.9128,18.8285,0.0843576
2677.85,23.8331,23.7488,0.0842738
2679.19,23.9867,23.9025,0.0841901
2680.52,28.8784,28.7943,0.0841066
2681.86,29.5639,29.4799,0.0840231
2683.19,40.7316,40.6477,0.0839398
2684.52,46.0779,45.9941,0.0838566
2685.86,49.1636,49.0799,0.0837736
2687.19,44.1076,44.0239,0.0836906
2688.53,36.3924,36.3088,0.0836078
2689.86,30.553,30.4695,0.0835251
2691.2,24.9255,24.842,0.0834426
2692.53,22.7045,22.6212,0.0833601
2693.86,18.7557,18.6724,0.0832778
2695.2,17.5081,17.4249,0.0831956
2696.53,16.1873,16.1042,0.0831135
2697.87,16.6585,16.5754,0.0830315
2699.2,16.0309,15.9479,0.0829497
2700.53,17.4208,17.3379,0.082868
2701.87,17.9279,17.8452,0.0827864
2703.2,15.9449,15.8622,0.0827049
2704.54,13.3923,13.3096,0.0826235
2705.87,12.5616,12.479,0.0825423
2707.21,12.5,12.4176,0.0824612
2708.54,12.4975,12.4151,0.0823802
2709.87,12.181,12.0987,0.0822993
2711.21,12.1036,12.0214,0.0822185
2712.54,12.0007,11.9186,0.0821379
2713.88,11.9319,11.8498,0.0820573
2715.21,11.9102,11.8282,0.0819769
2716.55,11.8451,11.7632,0.0818966
2717.88,11.8378,11.756,0.0818165
2719.21,11.8476,11.7659,0.0817364
2720.55,11.7902,11.7086,0.0816565
2721.88,11.7772,11.6956,0.0815767
2723.22,11.7373,11.6558,0.0814969
2724.55,11.7394,11.6579,0.0814174
2725.89,11.6955,11.6142,0.0813379
2727.22,11.6764,11.5952,0.0812585
2728.55,11.687,11.6058,0.0811793
2729.89,11.6702,11.5891,0.0811002
2731.22,11.6458,11.5648,0.0810212
2732.56,11.6329,11.5519,0.0809423
2733.89,11.6417,11.5609,0.0808635
2735.23,11.6258,11.545,0.0807848
2736.56,11.6158,11.5351,0.0807063
2737.89,11.6205,11.5399,0.0806279
2739.23,11.6079,11.5273,0.0805495
2740.56,11.6009,11.5204,0.0804713
2741.9,11.5963,11.5159,0.0803932
2743.23,11.5802,11.4999,0.0803153
2744.57,11.5713,11.4911,0.0802374
2745.9,11.5821,11.502,0.0801597
2747.23,11.5714,11.4913,0.080082
2748.57,11.5757,11.4957,0.0800045
2749.9,11.5585,11.4786,0.0799271
2751.24,11.5607,11.4809,0.0798498
2752.57,11.5546,11.4749,0.0797726
2753.91,11.5513,11.4716,0.0796955
2755.24,11.5527,11.4731,0.0796185
2756.57,11.5455,11.466,0.0795417
2757.91,11.5426,11.4631,0.0794649
2759.24,11.5382,11.4588,0.0793883
2760.58,11.5383,11.459,0.0793118
2761.91,11.5273,11.4481,0.0792354
2763.24,11.5229,11.4437,0.0791591
2764.58,11.5279,11.4489,0.0790829
2765.91,11.5257,11.4467,0.0790068
2767.25,11.5164,11.4375,0.0789308
2768.58,11.5142,11.4354,0.078855
2769.92,11.5104,11.4316,0.0787792
2771.25,11.5129,11.4342,0.0787036
2772.58,11.5103,11.4317,0.078628
2773.92,11.503,11.4245,0.0785526
2775.25,11.499,11.4205,0.0784773
2776.59,11.5008,11.4224,0.0784021
2777.92,11.5013,11.423,0.078327
2779.26,11.4999,11.4216,0.078252
2780.59,11.4947,11.4165,0.0781771
2781.92,11.4968,11.4187,0.0781023
2783.26,11.4942,11.4161,0.0780277
2784.59,11.4902,11.4122,0.0779531
2785.93,11.4902,11.4124,0.0778786
2787.26,11.4893,11.4115,0.0778043
2788.6,11.4864,11.4087,0.07773
2789.93,11.4868,11.4091,0.0776559
2791.26,11.4844,11.4068,0.0775819
2792.6,11.4819,11.4044,0.0775079
2793.93,11.4811,11.4037,0.0774341
2795.27,11.4781,11.4008,0.0773604
2796.6,11.4776,11.4003,0.0772868
2797.94,11.476,11.3988,0.0772133
2799.27,11.4755,11.3984,0.0771399
2800.6,11.4756,11.3985,0.0770666
2801.94,11.4738,11.3968,0.0769934
2803.27,11.4716,11.3947,0.0769203
2804.61,11.4731,11.3963,0.0768473
2805.94,11.4735,11.3967,0.0767744
2807.28,11.4708,11.3941,0.0767017
2808.61,11.4715,11.3949,0.076629
2809.94,11.4739,11.3974,0.0765564
2811.28,11.4681,11.3916,0.0764839
2812.61,11.4683,11.3919,0.0764116
2813.95,11.4686,11.3923,0.0763393
2815.28,11.4676,11.3913,0.0762672
2816.62,11.468,11.3919,0.0761951
2817.95,11.4668,11.3906,0.0761231
2819.28,11.4666,11.3905,0.0760513
2820.62,11.4644,11.3884,0.0759795
2821.95,11.4633,11.3874,0.0759079
2823.29,11.4632,11.3874,0.0758363
2824.62,11.4626,11.3868,0.0757649
2825.96,11.462,11.3863,0.0756935
2827.29,11.4635,11.3879,0.0756223
2828.62,11.4598,11.3843,0.0755511
2829.96,11.4626,11.3871,0.0754801
2831.29,11.462,11.3866,0.0754091
2832.63,11.4623,11.387,0.0753383
2833.96,11.4611,11.3859,0.0752676
2835.29,11.4613,11.3861,0.0751969
2836.63,11.4595,11.3844,0.0751264
2837.96,11.4607,11.3856,0.0750559
2839.3,11.4584,11.3834,0.0749856
2840.63,11.4591,11.3841,0.0749153
2841.97,11.4575,11.3826,0.0748452
2843.3,11.457,11.3822,0.0747751
2844.63,11.4578,11.383,0.0747051
2845.97,11.4585,11.3839,0.0746353
2847.3,11.4568,11.3822,0.0745655
2848.64,11.4554,11.3809,0.0744959
2849.97,11.4543,11.3798,0.0744263
2851.31,11.455,11.3806,0.0743568
2852.64,11.453,11.3787,0.0742875
2853.97,11.4554,11.3812,0.0742182
2855.31,11.4539,11.3798,0.074149
2856.64,11.4532,11.3792,0.0740799
2857.98,11.4532,11.3791,0.0740109
2859.31,11.4553,11.3814,0.0739421
2860.65,11.4549,11.3811,0.0738733
2861.98,11.4525,11.3787,0.0738046
2863.31,11.4514,11.3777,0.073736
2864.65,11.4514,11.3777,0.0736675
2865.98,11.4526,11.379,0.0735991
2867.32,11.4546,11.3811,0.0735307
2868.65,11.452,11.3785,0.0734625
2869.99,11.4512,11.3778,0.0733944
2871.32,11.4516,11.3783,0.0733264
2872.65,11.4509,11.3776,0.0732584
2873.99,11.451,11.3778,0.0731906
2875.32,11.4521,11.3789,0.0731228
2876.66,11.4512,11.3782,0.0730552
2877.99,11.4513,11.3783,0.0729876
2879.33,11.4514,11.3784,0.0729202
2880.66,11.4509,11.3781,0.0728528
2881.99,11.45,11.3772,0.0727855
2883.33,11.4503,11.3776,0.0727183
2884.66,11.4506,11.378,0.0726512
2886,11.4495,11.3769,0.0725842
2887.33,11.45,11.3775,0.0725173
2888.67,11.4489,11.3765,0.0724505
2890,11.4497,11.3773,0.0723838
2891.33,11.4499,11.3776,0.0723172
2892.67,11.4496,11.3774,0.0722506
2894,11.4506,11.3784,0.0721842
2895.34,11.4497,11.3775,0.0721178
2896.67,11.4491,11.377,0.0720516
2898,11.4486,11.3767,0.0719854
2899.34,11.4506,11.3787,0.0719193
2900.67,11.4487,11.3769,0.0718533
2902.01,11.4498,11.378,0.0717874
2903.34,11.4495,11.3777,0.0717216
2904.68,11.4483,11.3767,0.0716559
2906.01,11.4487,11.3772,0.0715903
2907.34,11.4488,11.3773,0.0715247
2908.68,11.4472,11.3757,0.0714593
2910.01,11.4479,11.3765,0.0713939
2911.35,11.4482,11.3769,0.0713286
2912.68,11.4477,11.3765,0.0712635
2914.02,11.447,11.3758,0.0711984
2915.35,11.4476,11.3764,0.0711334
2916.68,11.4485,11.3774,0.0710684
2918.02,11.4475,11.3765,0.0710036
2919.35,11.448,11.377,0.0709389
2920.69,11.4469,11.376,0.0708742
2922.02,11.447,11.3762,0.0708097
2923.36,11.4465,11.3757,0.0707452
2924.69,11.4466,11.3759,0.0706808
2926.02,11.447,11.3764,0.0706165
2927.36,11.446,11.3754,0.0705523
2928.69,11.4466,11.3761,0.0704882
2930.03,11.448,11.3775,0.0704242
2931.36,11.4475,11.3771,0.0703602
2932.7,11.4459,11.3756,0.0702964
2934.03,11.4465,11.3763,0.0702326
2935.36,11.447,11.3768,0.0701689
2936.7,11.4468,11.3767,0.0701053
2938.03,11.4471,11.377,0.0700418
2939.37,11.4466,11.3766,0.0699784
2940.7,11.4464,11.3765,0.069915
2942.04,11.4459,11.376,0.0698518
2943.37,11.4469,11.3771,0.0697886
2944.7,11.4464,11.3767,0.0697255
2946.04,11.4466,11.3769,0.0696625
2947.37,11.4468,11.3772,0.0695996
2948.71,11.447,11.3774,0.0695368
2950.04,11.4465,11.377,0.069474
2951.38,11.447,11.3776,0.0694114
2952.71,11.447,11.3777,0.0693488
2954.04,11.4451,11.3758,0.0692863
2955.38,11.4454,11.3762,0.0692239
2956.71,11.4462,11.3771,0.0691616
2958.05,11.4456,11.3765,0.0690994
2959.38,11.4455,11.3765,0.0690372
2960.71,11.4466,11.3776,0.0689751
2962.05,11.4459,11.377,0.0689132
2963.38,11.4458,11.3769,0.0688513
2964.72,11.4461,11.3773,0.0687894
2966.05,11.4449,11.3762,0.0687277
2967.39,11.4463,11.3776,0.068666
2968.72,11.4464,11.3777,0.0686045
2970.05,11.4465,11.378,0.068543
2971.39,11.4455,11.377,0.0684816
2972.72,11.4452,11.3768,0.0684203
2974.06,11.446,11.3777,0.068359
2975.39,11.4457,11.3774,0.0682979
2976.73,11.4462,11.378,0.0682368
2978.06,11.4457,11.3776,0.0681758
2979.39,11.4446,11.3764,0.0681149
2980.73,11.4459,11.3778,0.0680541
2982.06,11.4463,11.3783,0.0679933
2983.4,11.4456,11.3777,0.0679326
2984.73,11.4453,11.3774,0.0678721
2986.07,11.4452,11.3774,0.0678116
2987.4,11.4447,11.377,0.0677511
2988.73,11.4444,11.3767,0.0676908
2990.07,11.4438,11.3762,0.0676305
2991.4,11.4445,11.3769,0.0675703
2992.74,11.4448,11.3773,0.0675102
2994.07,11.4453,11.3778,0.0674502
2995.41,11.4454,11.378,0.0673903
2996.74,11.4442,11.3769,0.0673304
2998.07,11.445,11.3777,0.0672706
2999.41,11.4444,11.3772,0.0672109
3000.74,11.445,11.3778,0.0671513
3002.08,11.4446,11.3775,0.0670918
3003.41,11.444,11.377,0.0670323
3004.75,11.4443,11.3773,0.0669729
3006.08,11.4445,11.3776,0.0669136
3007.41,11.4441,11.3772,0.0668544
3008.75,11.4442,11.3774,0.0667952
3010.08,11.4434,11.3767,0.0667361
3011.42,11.4442,11.3775,0.0666772
3012.75,11.4439,11.3773,0.0666182
3014.09,11.4441,11.3775,0.0665594
3015.42,11.443,11.3765,0.0665006
3016.75,11.4447,11.3782,0.066442
3018.09,11.4442,11.3778,0.0663834
3019.42,11.4438,11.3775,0.0663248
3020.76,11.4432,11.3769,0.0662664
3022.09,11.4432,11.377,0.066208
3023.42,11.4437,11.3776,0.0661497
3024.76,11.4436,11.3775,0.0660915
3026.09,11.4438,11.3778,0.0660333
3027.43,11.4438,11.3778,0.0659753
3028.76,11.4434,11.3775,0.0659173
3030.1,11.4431,11.3772,0.0658594
3031.43,11.4432,11.3774,0.0658015
3032.76,11.4426,11.3769,0.0657438
3034.1,11.4435,11.3778,0.0656861
3035.43,11.4435,11.3779,0.0656285
3036.77,11.4432,11.3776,0.065571
3038.1,11.4433,11.3778,0.0655135
3039.44,11.4416,11.3762,0.0654561
3040.77,11.4427,11.3773,0.0653988
3042.1,11.4424,11.377,0.0653416
3043.44,11.4423,11.377,0.0652844
3044.77,11.4422,11.377,0.0652273
3046.11,11.4421,11.3769,0.0651703
3047.44,11.442,11.3769,0.0651134
3048.78,11.442,11.3769,0.0650566
3050.11,11.4427,11.3777,0.0649998
3051.44,11.4421,11.3771,0.0649431
3052.78,11.4417,11.3768,0.0648864
3054.11,11.4416,11.3768,0.0648299
3055.45,11.4425,11.3777,0.0647734
3056.78,11.4419,11.3772,0.064717
3058.12,11.4416,11.3769,0.0646606
3059.45,11.4417,11.3771,0.0646044
3060.78,11.4418,11.3772,0.0645482
3062.12,11.442,11.3776,0.064492
3063.45,11.4418,11.3774,0.064436
3064.79,11.4415,11.3771,0.06438
3066.12,11.4419,11.3775,0.0643241
3067.46,11.4413,11.377,0.0642683
3068.79,11.4409,11.3767,0.0642125
3070.12,11.4411,11.3769,0.0641569
3071.46,11.4411,11.377,0.0641013
3072.79,11.4412,11.3771,0.0640457
3074.13,11.4412,11.3772,0.0639902
3075.46,11.4409,11.377,0.0639349
3076.8,11.441,11.3772,0.0638795
3078.13,11.44,11.3762,0.0638243
3079.46,11.441,11.3773,0.0637691
3080.8,11.4405,11.3767,0.063714
3082.13,11.4399,11.3763,0.063659
3083.47,11.4399,11.3763,0.063604
3084.8,11.4401,11.3766,0.0635491
3086.14,11.4402,11.3768,0.0634943
3087.47,11.4401,11.3766,0.0634395
3088.8,11.439,11.3756,0.0633848
3090.14,11.4399,11.3765,0.0633302
3091.47,11.4393,11.3761,0.0632757
3092.81,11.4389,11.3757,0.0632212
3094.14,11.4392,11.376,0.0631668
3095.47,11.4397,11.3766,0.0631125
3096.81,11.4393,11.3762,0.0630582
3098.14,11.4389,11.3759,0.0630041
3099.48,11.4394,11.3765,0.0629499
3100.81,11.4389,11.376,0.0628959
3102.15,11.4396,11.3768,0.0628419
3103.48,11.4391,11.3763,0.062788
3104.81,11.4388,11.3761,0.0627342
3106.15,11.4387,11.376,0.0626804
3107.48,11.4381,11.3754,0.0626267
3108.82,11.4383,11.3757,0.062573
3110.15,11.4379,11.3754,0.0625195
3111.49,11.4385,11.3761,0.062466
3112.82,11.4384,11.376,0.0624125
3114.15,11.4387,11.3763,0.0623592
3115.49,11.4389,11.3766,0.0623059
3116.82,11.4383,11.376,0.0622527
3118.16,11.438,11.3758,0.0621995
3119.49,11.4378,11.3757,0.0621464
3120.83,11.4376,11.3755,0.0620934
3122.16,11.4374,11.3753,0.0620405
3123.49,11.4377,11.3757,0.0619876
3124.83,11.4378,11.3759,0.0619348
3126.16,11.4371,11.3752,0.061882
3127.5,11.4376,11.3758,0.0618293
3128.83,11.4375,11.3757,0.0617767
3130.17,11.4373,11.3756,0.0617242
3131.5,11.4374,11.3757,0.0616717
3132.83,11.437,11.3754,0.0616193
3134.17,11.437,11.3754,0.0615669
3135.5,11.4367,11.3752,0.0615147
3136.84,11.437,11.3755,0.0614624
3138.17,11.437,11.3756,0.0614103
3139.51,11.4368,11.3754,0.0613582
3140.84,11.4367,11.3754,0.0613062
3142.17,11.4364,11.3751,0.0612542
3143.51,11.4365,11.3753,0.0612024
3144.84,11.437,11.3758,0.0611505
3146.18,11.4369,11.3758,0.0610988
3147.51,11.4365,11.3754,0.0610471
3148.85,11.4367,11.3757,0.0609955
3150.18,11.4367,11.3757,0.0609439
3151.51,11.4361,11.3752,0.0608924
3152.85,11.4364,11.3756,0.060841
3154.18,11.4361,11.3753,0.0607897
3155.52,11.4361,11.3754,0.0607384
3156.85,11.436,11.3753,0.0606871
3158.18,11.436,11.3754,0.060636
3159.52,11.436,11.3754,0.0605849
3160.85,11.4357,11.3752,0.0605338
3162.19,11.4359,11.3754,0.0604829
3163.52,11.4363,11.3758,0.060432
3164.86,11.4359,11.3755,0.0603811
3166.19,11.4357,11.3754,0.0603303
3167.52,11.4357,11.3754,0.0602796
3168.86,11.4355,11.3753,0.060229
3170.19,11.4353,11.3752,0.0601784
3171.53,11.4356,11.3755,0.0601279
3172.86,11.4355,11.3754,0.0600774
3174.2,11.4352,11.3752,0.060027
3175.53,11.4354,11.3754,0.0599767
3176.86,11.4351,11.3752,0.0599264
3178.2,11.4354,11.3755,0.0598762
3179.53,11.4355,11.3756,0.0598261
3180.87,11.4353,11.3756,0.059776
3182.2,11.4354,11.3757,0.059726
3183.54,11.4355,11.3758,0.059676
3184.87,11.4353,11.3757,0.0596261
3186.2,11.4353,11.3758,0.0595763
3187.54,11.4347,11.3752,0.0595265
3188.87,11.435,11.3755,0.0594768
3190.21,11.4353,11.3758,0.0594272
3191.54,11.4351,11.3758,0.0593776
3192.88,11.4349,11.3756,0.0593281
3194.21,11.4353,11.376,0.0592786
3195.54,11.4351,11.3759,0.0592292
3196.88,11.4354,11.3763,0.0591799
3198.21,11.4351,11.376,0.0591306
3199.55,11.4352,11.3762,0.0590814
3200.88,11.4351,11.3761,0.0590323
3202.22,11.4352,11.3762,0.0589832
3203.55,11.435,11.3761,0.0589341
3204.88,11.4351,11.3762,0.0588852
3206.22,11.435,11.3762,0.0588363
3207.55,11.4351,11.3763,0.0587874
3208.89,11.4353,11.3765,0.0587387
3210.22,11.4352,11.3765,0.0586899
3211.56,11.4352,11.3766,0.0586413
3212.89,11.435,11.3765,0.0585927
3214.22,11.4353,11.3768,0.0585441
3215.56,11.4355,11.377,0.0584956
3216.89,11.4353,11.3769,0.0584472
3218.23,11.4355,11.3771,0.0583989
3219.56,11.4354,11.3771,0.0583506
3220.89,11.4356,11.3773,0.0583023
3222.23,11.4355,11.3773,0.0582541
3223.56,11.4356,11.3774,0.058206
3224.9,11.4356,11.3774,0.058158
3226.23,11.4358,11.3777,0.05811
3227.57,11.4357,11.3777,0.058062
3228.9,11.4357,11.3777,0.0580141
3230.23,11.4359,11.378,0.0579663
3231.57,11.4361,11.3782,0.0579185
3232.9,11.436,11.3781,0.0578708
3234.24,11.4362,11.3783,0.0578232
3235.57,11.4363,11.3785,0.0577756
3236.91,11.4363,11.3786,0.0577281
3238.24,11.4366,11.3789,0.0576806
3239.57,11.4366,11.379,0.0576332
3240.91,11.4366,11.379,0.0575858
3242.24,11.4369,11.3793,0.0575385
3243.58,11.4367,11.3792,0.0574913
3244.91,11.4369,11.3794,0.0574441
3246.25,11.4373,11.3799,0.057397
3247.58,11.4371,11.3798,0.0573499
3248.91,11.4373,11.38,0.0573029
3250.25,11.4375,11.3802,0.057256
3251.58,11.4377,11.3805,0.0572091
3252.92,11.438,11.3808,0.0571623
3254.25,11.438,11.3808,0.0571155
3255.59,11.4382,11.3812,0.0570688
3256.92,11.4382,11.3811,0.0570221
3258.25,11.4384,11.3814,0.0569755
3259.59,11.4387,11.3818,0.056929
3260.92,11.4387,11.3819,0.0568825
3262.26,11.439,11.3822,0.056836
3263.59,11.4389,11.3822,0.0567897
3264.93,11.4393,11.3826,0.0567433
3266.26,11.4392,11.3825,0.0566971
3267.59,11.4396,11.383,0.0566509
3268.93,11.4398,11.3832,0.0566047
3270.26,11.4398,11.3832,0.0565586
3271.6,11.4401,11.3836,0.0565126
3272.93,11.4401,11.3836,0.0564666
3274.27,11.4402,11.3838,0.0564207
3275.6,11.4408,11.3844,0.0563748
3276.93,11.4406,11.3842,0.056329
3278.27,11.4411,11.3849,0.0562832
3279.6,11.4411,11.3849,0.0562375
3280.94,11.4415,11.3853,0.0561919
3282.27,11.4418,11.3857,0.0561463
3283.6,11.4421,11.386,0.0561008
3284.94,11.4419,11.3859,0.0560553
3286.27,11.4422,11.3862,0.0560099
3287.61,11.4424,11.3865,0.0559645
3288.94,11.4425,11.3866,0.0559192
3290.28,11.4427,11.3868,0.0558739
3291.61,11.4428,11.3869,0.0558287
3292.94,11.4434,11.3876,0.0557836
3294.28,11.4435,11.3878,0.0557385
3295.61,11.4442,11.3886,0.0556934
3296.95,11.4437,11.3881,0.0556484
3298.28,11.4437,11.3881,0.0556035
3299.62,11.4442,11.3887,0.0555586
3300.95,11.4442,11.3887,0.0555138
3302.28,11.4443,11.3888,0.055469
3303.62,11.4446,11.3892,0.0554243
3304.95,11.4447,11.3893,0.0553797
3306.29,11.4443,11.3889,0.0553351
3307.62,11.4447,11.3894,0.0552905
3308.96,11.4454,11.3901,0.055246
3310.29,11.4452,11.39,0.0552016
3311.62,11.4455,11.3903,0.0551572
3312.96,11.4453,11.3902,0.0551128
3314.29,11.4454,11.3904,0.0550685
3315.63,11.4455,11.3905,0.0550243
3316.96,11.4456,11.3906,0.0549801
3318.3,11.4459,11.391,0.054936
3319.63,11.4452,11.3903,0.0548919
3320.96,11.4457,11.3908,0.0548479
3322.3,11.445,11.3902,0.054804
3323.63,11.4458,11.391,0.05476
3324.97,11.4456,11.3909,0.0547162
3326.3,11.4458,11.3911,0.0546724
3327.64,11.4455,11.3908,0.0546286
3328.97,11.4456,11.391,0.0545849
3330.3,11.4459,11.3913,0.0545413
3331.64,11.4459,11.3914,0.0544977
3332.97,11.4458,11.3914,0.0544541
3334.31,11.4463,11.3919,0.0544106
